add,dfs0,bfs0,bfactor0,remove-then-add0,dfs1,bfs1,bfactor1,dfs2,bfs2,bfactor2,remove-then-add1,dfs3,bfs3,bfactor3,dfs4,bfs4,bfactor4
0, 511, 511, EH, 453, 511, 511, EH, 511, 511, EH, 49, 509, 509, EH, 509, 509, EH
1, 255, 255, EH, 430, 255, 255, RH, 255, 255, EH, 719, 255, 255, EH, 255, 255, EH
2, 127, 639, RH, 470, 127, 639, RH, 127, 639, RH, 541, 123, 639, RH, 123, 639, RH
3, 63, 127, EH, 41, 60, 127, EH, 60, 127, EH, 65, 59, 123, RH, 59, 123, EH
4, 31, 383, EH, 4, 31, 380, RH, 31, 380, EH, 136, 21, 379, EH, 41, 379, EH
5, 15, 575, EH, 346, 15, 569, EH, 15, 569, EH, 526, 13, 568, EH, 21, 568, EH
6, 7, 703, RH, 508, 6, 703, RH, 10, 703, RH, 347, 4, 703, RH, 10, 703, RH
7, 3, 63, EH, 7, 2, 60, EH, 6, 60, EH, 450, 3, 59, EH, 4, 59, EH
8, 1, 191, EH, 138, 3, 191, EH, 3, 191, EH, 254, 1, 191, RH, 1, 191, EH
9, 0, 319, EH, 354, 13, 318, EH, 1, 318, EH, 9, 10, 318, RH, 0, 318, EH
10, 2, 447, EH, 10, 11, 444, EH, 0, 444, EH, 550, 8, 441, RH, 3, 441, EH
11, 5, 543, EH, 192, 14, 543, EH, 2, 543, LH, 655, 11, 529, RH, 2, 549, LH
12, 4, 607, EH, 53, 21, 607, EH, 4, 607, EH, 751, 19, 602, EH, 8, 602, EH
13, 6, 671, EH, 653, 19, 671, RH, 5, 671, EH, 460, 18, 670, EH, 6, 670, EH
14, 11, 767, EH, 660, 16, 767, LH, 8, 734, RH, 477, 20, 734, RH, 5, 765, LH
15, 9, 31, EH, 151, 20, 31, EH, 7, 31, EH, 266, 25, 21, EH, 7, 41, LH
16, 8, 95, EH, 698, 22, 103, EH, 9, 103, LH, 539, 24, 88, EH, 9, 88, EH
17, 10, 159, EH, 51, 24, 157, EH, 13, 157, EH, 783, 22, 153, EH, 15, 153, EH
18, 13, 223, EH, 285, 47, 223, RH, 11, 223, EH, 476, 47, 223, RH, 13, 223, EH
19, 12, 287, EH, 761, 39, 287, EH, 12, 287, EH, 773, 35, 286, EH, 11, 286, EH
20, 14, 351, EH, 562, 35, 351, LH, 14, 351, EH, 134, 44, 346, LH, 12, 346, EH
21, 23, 415, EH, 182, 38, 415, LH, 21, 415, EH, 272, 52, 415, LH, 14, 415, EH
22, 19, 479, EH, 247, 42, 476, RH, 19, 476, EH, 245, 50, 469, RH, 18, 469, EH
23, 17, 527, EH, 641, 40, 525, LH, 17, 525, EH, 432, 56, 519, LH, 16, 529, EH
24, 16, 559, EH, 69, 57, 558, LH, 16, 558, EH, 258, 88, 558, EH, 17, 558, EH
25, 18, 591, EH, 75, 52, 591, RH, 18, 591, EH, 787, 77, 591, LH, 19, 580, RH
26, 21, 623, EH, 167, 48, 623, LH, 20, 623, EH, 175, 64, 623, RH, 20, 623, EH
27, 20, 655, EH, 466, 56, 652, EH, 26, 652, EH, 617, 62, 659, LH, 31, 652, RH
28, 22, 687, EH, 205, 59, 687, RH, 24, 687, EH, 28, 75, 687, LH, 25, 687, EH
29, 27, 735, EH, 45, 103, 734, EH, 22, 719, EH, 650, 83, 718, LH, 23, 734, EH
30, 25, 783, RH, 95, 88, 781, RH, 23, 767, EH, 420, 82, 765, RH, 22, 781, EH
31, 24, 15, EH, 674, 79, 15, EH, 25, 15, EH, 478, 80, 13, LH, 24, 21, EH
32, 26, 47, EH, 32, 71, 47, EH, 29, 47, LH, 555, 85, 25, RH, 28, 47, RH
33, 29, 79, EH, 757, 68, 88, LH, 27, 79, EH, 310, 103, 77, RH, 26, 77, LH
34, 28, 111, EH, 34, 72, 110, EH, 28, 115, EH, 152, 96, 103, EH, 27, 110, LH
35, 30, 143, EH, 699, 86, 140, LH, 30, 140, RH, 157, 91, 140, LH, 30, 136, EH
36, 47, 175, EH, 66, 83, 173, EH, 47, 173, EH, 796, 93, 164, RH, 29, 170, EH
37, 39, 207, EH, 594, 99, 212, EH, 39, 204, RH, 162, 99, 203, EH, 34, 203, RH
38, 35, 239, EH, 67, 96, 239, EH, 35, 239, EH, 392, 102, 239, LH, 33, 239, EH
39, 33, 271, EH, 590, 110, 270, EH, 33, 270, EH, 300, 114, 262, RH, 32, 268, RH
40, 32, 303, EH, 85, 105, 303, EH, 32, 303, LH, 740, 107, 294, EH, 38, 300, RH
41, 34, 335, EH, 677, 104, 335, RH, 34, 335, EH, 41, 113, 335, EH, 36, 335, LH
42, 37, 367, EH, 377, 107, 357, EH, 37, 360, RH, 279, 120, 363, EH, 35, 363, EH
43, 36, 399, EH, 296, 106, 398, RH, 36, 398, EH, 344, 118, 402, LH, 37, 391, RH
44, 38, 431, EH, 474, 115, 428, EH, 38, 428, RH, 193, 122, 427, EH, 40, 427, RH
45, 43, 463, EH, 29, 113, 461, RH, 42, 461, EH, 605, 191, 461, EH, 39, 456, EH
46, 41, 495, EH, 576, 114, 492, RH, 41, 492, EH, 46, 153, 491, RH, 47, 491, EH
47, 40, 519, EH, 693, 121, 519, RH, 40, 519, LH, 646, 140, 517, LH, 44, 519, EH
48, 42, 535, EH, 169, 120, 535, EH, 45, 535, EH, 649, 138, 525, EH, 42, 541, LH
49, 45, 551, EH, 232, 125, 550, RH, 44, 550, EH, 128, 131, 549, LH, 43, 554, LH
50, 44, 567, EH, 63, 191, 566, LH, 43, 562, RH, 110, 133, 562, RH, 46, 562, RH
51, 46, 583, EH, 582, 157, 581, EH, 46, 581, EH, 51, 139, 580, LH, 45, 574, EH
52, 55, 599, EH, 236, 140, 602, LH, 52, 597, RH, 436, 147, 597, EH, 52, 591, EH
53, 51, 615, EH, 796, 132, 614, LH, 50, 614, RH, 53, 141, 614, EH, 50, 614, EH
54, 49, 631, EH, 665, 130, 631, EH, 48, 631, LH, 61, 164, 627, RH, 49, 632, LH
55, 48, 647, EH, 273, 128, 647, EH, 49, 647, LH, 579, 160, 652, LH, 48, 644, EH
56, 50, 663, EH, 304, 131, 659, RH, 51, 663, EH, 55, 158, 663, EH, 51, 659, RH
57, 53, 679, EH, 513, 139, 676, RH, 56, 682, LH, 348, 161, 681, LH, 55, 681, LH
58, 52, 695, EH, 221, 136, 695, RH, 54, 695, EH, 411, 170, 697, EH, 53, 694, RH
59, 54, 719, EH, 137, 148, 719, EH, 53, 711, LH, 215, 169, 709, LH, 54, 718, EH
60, 59, 751, EH, 321, 144, 749, LH, 55, 725, RH, 60, 168, 728, EH, 57, 747, RH
61, 57, 775, EH, 688, 156, 774, EH, 58, 749, RH, 135, 186, 754, EH, 56, 774, LH
62, 56, 791, RH, 374, 173, 791, LH, 57, 781, RH, 299, 178, 781, RH, 58, 791, EH
63, 58, 7, EH, 50, 170, 6, EH, 59, 10, LH, 63, 189, 4, EH, 88, 10, EH
64, 61, 23, EH, 365, 164, 21, EH, 103, 21, RH, 42, 223, 19, EH, 77, 31, EH
65, 60, 39, EH, 381, 161, 39, EH, 79, 39, RH, 48, 203, 24, LH, 69, 44, EH
66, 62, 55, EH, 410, 172, 57, LH, 71, 52, EH, 104, 198, 47, EH, 64, 52, EH
67, 95, 71, EH, 141, 183, 79, EH, 66, 71, LH, 295, 192, 64, EH, 61, 69, EH
68, 79, 87, EH, 762, 178, 99, LH, 64, 88, EH, 433, 196, 83, LH, 60, 81, RH
69, 71, 103, EH, 782, 180, 105, RH, 62, 110, EH, 69, 200, 96, EH, 62, 96, EH
70, 67, 119, EH, 82, 187, 115, EH, 61, 119, RH, 111, 199, 114, EH, 63, 118, EH
71, 65, 135, EH, 9, 186, 132, EH, 63, 132, EH, 738, 201, 138, LH, 66, 131, LH
72, 64, 151, EH, 206, 189, 148, EH, 65, 148, RH, 72, 212, 147, LH, 65, 142, RH
73, 66, 167, EH, 626, 223, 170, LH, 68, 167, LH, 73, 211, 160, EH, 68, 164, LH
74, 69, 183, EH, 686, 212, 183, EH, 67, 180, RH, 209, 214, 170, EH, 67, 180, EH
75, 68, 199, EH, 18, 204, 204, EH, 69, 198, EH, 662, 222, 198, EH, 72, 198, EH
76, 70, 215, EH, 355, 200, 214, EH, 70, 212, RH, 606, 239, 212, RH, 70, 212, EH
77, 75, 231, EH, 226, 211, 230, LH, 75, 230, RH, 180, 228, 228, RH, 71, 233, LH
78, 73, 247, EH, 310, 214, 244, EH, 73, 244, RH, 328, 225, 242, RH, 75, 248, LH
79, 72, 263, EH, 402, 213, 263, LH, 72, 260, RH, 435, 224, 259, EH, 73, 262, EH
80, 74, 279, EH, 129, 219, 279, LH, 74, 279, LH, 167, 233, 275, RH, 74, 275, RH
81, 77, 295, EH, 81, 239, 295, EH, 77, 295, LH, 81, 232, 290, RH, 76, 294, EH
82, 76, 311, EH, 646, 230, 311, RH, 76, 311, EH, 610, 231, 301, RH, 81, 310, LH
83, 78, 327, EH, 198, 227, 323, EH, 78, 326, EH, 742, 236, 324, RH, 79, 328, LH
84, 87, 343, EH, 26, 224, 340, EH, 88, 344, LH, 409, 238, 340, RH, 78, 340, EH
85, 83, 359, EH, 628, 229, 356, LH, 85, 357, LH, 181, 242, 356, LH, 80, 356, LH
86, 81, 375, EH, 194, 237, 367, EH, 82, 367, RH, 421, 240, 372, RH, 85, 372, LH
87, 80, 391, EH, 87, 244, 394, LH, 81, 390, LH, 166, 244, 395, LH, 83, 386, EH
88, 82, 407, EH, 109, 242, 407, RH, 80, 407, EH, 281, 243, 408, RH, 82, 402, EH
89, 85, 423, EH, 89, 240, 421, RH, 83, 421, EH, 587, 379, 419, LH, 84, 421, EH
90, 84, 439, EH, 280, 250, 435, RH, 84, 435, RH, 437, 318, 431, LH, 86, 433, RH
91, 86, 455, EH, 460, 249, 452, EH, 86, 454, LH, 762, 286, 456, EH, 87, 450, LH
92, 91, 471, EH, 437, 253, 471, EH, 87, 467, RH, 412, 262, 467, LH, 110, 461, RH
93, 89, 487, EH, 207, 380, 485, EH, 96, 485, LH, 226, 259, 483, EH, 96, 483, EH
94, 88, 503, EH, 94, 318, 502, EH, 92, 502, EH, 94, 256, 498, EH, 93, 498, RH
95, 90, 515, EH, 334, 287, 517, EH, 90, 514, RH, 799, 261, 513, EH, 91, 513, RH
96, 93, 523, EH, 181, 270, 523, LH, 89, 523, LH, 106, 275, 518, EH, 89, 525, LH
97, 92, 531, EH, 792, 263, 530, EH, 91, 530, EH, 97, 273, 520, EH, 90, 534, EH
98, 94, 539, EH, 258, 260, 540, EH, 94, 538, RH, 78, 283, 527, EH, 92, 545, EH
99, 111, 547, EH, 176, 256, 546, RH, 93, 546, EH, 278, 282, 545, RH, 94, 552, LH
100, 103, 555, EH, 100, 267, 554, LH, 95, 554, EH, 503, 294, 554, EH, 95, 556, EH
101, 99, 563, EH, 76, 279, 563, LH, 100, 560, EH, 651, 290, 559, RH, 103, 560, EH
102, 97, 571, EH, 370, 276, 568, EH, 98, 566, EH, 540, 288, 565, LH, 99, 565, EH
103, 96, 579, EH, 584, 272, 577, RH, 97, 575, EH, 658, 292, 574, EH, 97, 571, EH
104, 98, 587, EH, 529, 278, 586, RH, 99, 586, EH, 187, 291, 586, EH, 98, 578, LH
105, 101, 595, EH, 772, 281, 597, RH, 102, 593, RH, 105, 301, 594, RH, 101, 586, EH
106, 100, 603, EH, 618, 303, 605, LH, 101, 602, EH, 332, 296, 600, LH, 100, 597, EH
107, 102, 611, EH, 545, 295, 611, RH, 115, 611, EH, 31, 314, 609, EH, 102, 609, EH
108, 107, 619, EH, 710, 293, 617, RH, 110, 618, RH, 312, 307, 620, LH, 106, 617, RH
109, 105, 627, EH, 483, 289, 624, RH, 107, 628, LH, 524, 315, 625, LH, 104, 627, RH
110, 104, 635, EH, 203, 294, 635, EH, 105, 635, EH, 45, 346, 635, EH, 105, 635, EH
111, 106, 643, EH, 743, 299, 640, RH, 104, 644, LH, 729, 335, 644, LH, 108, 642, LH
112, 109, 651, EH, 235, 298, 650, LH, 106, 650, LH, 385, 324, 656, EH, 107, 648, EH
113, 108, 659, EH, 254, 300, 656, EH, 109, 659, LH, 329, 322, 661, LH, 109, 656, EH
114, 110, 667, EH, 593, 311, 663, EH, 108, 666, RH, 583, 321, 665, EH, 118, 663, RH
115, 119, 675, EH, 506, 309, 673, EH, 113, 676, EH, 115, 323, 675, EH, 114, 675, EH
116, 115, 683, EH, 599, 315, 682, EH, 111, 685, LH, 116, 331, 684, EH, 112, 684, EH
117, 113, 691, EH, 262, 313, 692, LH, 112, 690, RH, 117, 327, 694, EH, 111, 691, EH
118, 112, 699, EH, 46, 351, 701, LH, 114, 700, LH, 190, 330, 699, RH, 113, 697, RH
119, 114, 711, EH, 119, 335, 711, RH, 119, 708, LH, 70, 334, 706, RH, 116, 709, RH
120, 117, 727, EH, 218, 323, 725, LH, 117, 715, EH, 506, 340, 715, EH, 115, 728, LH
121, 116, 743, EH, 344, 320, 742, EH, 116, 723, LH, 289, 336, 726, RH, 117, 740, EH
122, 118, 759, EH, 657, 329, 759, EH, 118, 729, RH, 484, 338, 732, EH, 121, 754, RH
123, 123, 771, EH, 785, 340, 770, LH, 123, 742, EH, 76, 343, 747, EH, 120, 771, LH
124, 121, 779, EH, 713, 337, 776, RH, 121, 759, EH, 43, 342, 758, RH, 119, 778, EH
125, 120, 787, EH, 389, 339, 786, RH, 120, 774, EH, 442, 341, 774, EH, 122, 788, LH
126, 122, 795, RH, 515, 347, 793, RH, 122, 791, EH, 371, 345, 791, LH, 191, 797, LH
127, 125, 3, EH, 222, 345, 2, RH, 125, 6, LH, 127, 363, 3, LH, 153, 4, EH
128, 124, 11, EH, 739, 357, 13, EH, 124, 13, LH, 713, 356, 10, EH, 136, 15, EH
129, 126, 19, EH, 80, 356, 19, EH, 126, 19, LH, 362, 352, 18, EH, 131, 25, RH
130, 191, 27, EH, 322, 352, 22, RH, 191, 26, EH, 293, 355, 20, EH, 128, 34, RH
131, 159, 35, EH, 171, 367, 35, RH, 157, 35, EH, 621, 360, 22, EH, 126, 42, RH
132, 143, 43, EH, 290, 364, 42, LH, 140, 42, RH, 361, 372, 35, EMPTY, 124, 46, LH
133, 135, 51, EH, 556, 371, 52, EH, 132, 50, LH, 98, 369, 52, RH, 125, 50, LH
134, 131, 59, EH, 117, 444, 59, EH, 130, 56, EH, 271, 377, 62, EH, 127, 55, EH
135, 129, 67, EH, 633, 415, 71, EH, 128, 66, EH, 667, 376, 75, EH, 129, 64, EH
136, 128, 75, EH, 116, 398, 86, LH, 129, 75, EH, 154, 441, 82, EH, 130, 72, RH
137, 130, 83, EH, 465, 394, 96, EH, 131, 85, LH, 151, 415, 85, LH, 133, 79, EH
138, 133, 91, EH, 573, 390, 104, EMPTY, 136, 96, EH, 510, 402, 91, EH, 132, 85, EH
139, 132, 99, EH, 773, 392, 107, EH, 134, 107, EH, 179, 395, 99, RH, 134, 93, LH
140, 134, 107, EH, 162, 396, 113, LH, 133, 113, LH, 631, 381, 107, RH, 135, 103, EH
141, 139, 115, EH, 721, 407, 121, RH, 135, 117, EH, 629, 391, 120, RH, 142, 114, EH
142, 137, 123, EH, 644, 404, 130, EH, 138, 123, EH, 426, 399, 131, EH, 140, 121, LH
143, 136, 131, EH, 575, 400, 139, EH, 137, 130, LH, 612, 408, 139, RH, 138, 128, LH
144, 138, 139, EH, 25, 409, 144, LH, 139, 136, EH, 533, 414, 141, EH, 137, 133, RH
145, 141, 147, EH, 145, 408, 156, EH, 148, 144, EH, 320, 427, 158, EH, 139, 140, LH
146, 140, 155, EH, 422, 413, 164, EH, 144, 151, RH, 146, 419, 161, EMPTY, 141, 147, EH
147, 142, 163, EH, 446, 412, 172, LH, 142, 162, EH, 219, 418, 169, EH, 147, 160, LH
148, 151, 171, EH, 689, 428, 178, EH, 141, 170, EH, 393, 431, 186, EH, 145, 168, LH
149, 147, 179, EH, 149, 421, 187, RH, 143, 176, EH, 691, 429, 192, LH, 144, 176, LH
150, 145, 187, EH, 150, 418, 200, EH, 146, 183, RH, 150, 469, 200, EH, 143, 187, LH
151, 144, 195, EH, 268, 426, 211, EH, 145, 194, EH, 447, 461, 211, RH, 146, 194, EH
152, 146, 203, EH, 152, 427, 213, EH, 147, 200, RH, 34, 456, 214, EH, 151, 200, RH
153, 149, 211, EH, 328, 435, 219, EH, 151, 208, EH, 237, 452, 225, EH, 149, 209, LH
154, 148, 219, EH, 292, 432, 227, EH, 149, 219, LH, 384, 451, 233, RH, 148, 217, EH
155, 150, 227, EH, 155, 438, 237, EH, 150, 227, EH, 95, 455, 240, LH, 150, 228, EH
156, 155, 235, EH, 405, 436, 242, EH, 155, 236, LH, 108, 457, 244, EH, 152, 237, LH
157, 153, 243, EH, 284, 439, 250, LH, 153, 241, RH, 333, 458, 256, EH, 170, 244, LH
158, 152, 251, EH, 118, 476, 260, EH, 152, 250, EH, 780, 467, 261, LH, 164, 252, EH
159, 154, 259, EH, 159, 461, 267, LH, 154, 258, LH, 220, 464, 273, EH, 160, 259, EH
160, 157, 267, EH, 160, 452, 276, EH, 156, 267, LH, 556, 463, 283, EH, 157, 264, RH
161, 156, 275, EH, 539, 451, 281, EH, 173, 276, LH, 543, 466, 288, EH, 155, 272, EH
162, 158, 283, EH, 621, 457, 293, EH, 167, 283, EH, 700, 468, 292, LH, 154, 281, EH
163, 175, 291, EH, 163, 471, 299, EH, 162, 292, LH, 163, 491, 296, EH, 156, 290, EH
164, 167, 299, EH, 338, 467, 309, EH, 160, 299, EH, 613, 483, 314, LH, 158, 296, RH
165, 163, 307, EH, 165, 464, 315, EH, 159, 307, EH, 771, 480, 322, EH, 159, 305, EH
166, 161, 315, EH, 733, 469, 320, LH, 158, 314, EH, 87, 479, 331, EH, 162, 314, EH
167, 160, 323, EH, 512, 475, 329, EH, 161, 323, LH, 137, 482, 336, EH, 161, 322, RH
168, 162, 331, EH, 595, 472, 337, EH, 164, 332, LH, 521, 488, 343, LH, 163, 331, EH
169, 165, 339, EH, 490, 492, 347, RH, 163, 340, LH, 619, 486, 352, RH, 168, 338, LH
170, 164, 347, EH, 705, 485, 352, LH, 165, 347, EH, 66, 490, 360, LH, 166, 343, EH
171, 166, 355, EH, 225, 481, 364, EH, 166, 354, EH, 682, 498, 369, RH, 165, 349, RH
172, 171, 363, EH, 610, 480, 371, EMPTY, 170, 358, RH, 172, 495, 377, EH, 167, 360, EH
173, 169, 371, EH, 358, 487, 390, EH, 169, 364, EH, 33, 494, 381, EH, 169, 367, RH
174, 168, 379, EH, 174, 486, 396, EH, 168, 374, EH, 129, 497, 399, LH, 180, 376, EH
175, 170, 387, EH, 727, 488, 404, RH, 172, 384, RH, 26, 496, 414, RH, 176, 383, EH
176, 173, 395, EH, 668, 502, 409, EH, 171, 394, EH, 176, 502, 418, EH, 174, 389, LH
177, 172, 403, EH, 177, 498, 418, LH, 180, 402, RH, 177, 500, 429, EMPTY, 172, 395, RH
178, 174, 411, EH, 651, 497, 426, RH, 176, 410, RH, 688, 499, 452, EH, 171, 408, EH
179, 183, 419, EH, 332, 501, 432, EH, 174, 418, EH, 636, 501, 457, EH, 173, 419, LH
180, 179, 427, EH, 252, 500, 438, RH, 175, 425, EH, 280, 508, 464, EMPTY, 175, 425, LH
181, 177, 435, EH, 571, 507, 451, EH, 178, 431, EH, 359, 507, 468, EH, 178, 431, LH
182, 176, 443, EH, 752, 505, 457, EH, 177, 438, RH, 194, 639, 480, EMPTY, 177, 436, RH
183, 178, 451, EH, 64, 504, 467, EH, 179, 451, LH, 603, 568, 488, EH, 179, 445, RH
184, 181, 459, EH, 184, 509, 475, EH, 183, 457, EH, 57, 529, 495, RH, 187, 452, RH
185, 180, 467, EH, 449, 510, 481, EH, 182, 465, LH, 252, 519, 502, EH, 184, 458, RH
186, 182, 475, EH, 111, 639, 487, LH, 181, 471, RH, 268, 517, 512, EH, 182, 464, RH
187, 187, 483, EH, 12, 569, 498, LH, 187, 481, LH, 485, 513, 515, EH, 181, 475, EH
188, 185, 491, EH, 714, 543, 507, EH, 185, 488, EH, 188, 512, 544, EH, 183, 486, RH
189, 184, 499, EH, 343, 525, 514, RH, 184, 498, LH, 396, 515, 548, RH, 186, 495, EH
190, 186, 507, EH, 679, 519, 518, EH, 186, 507, LH, 430, 518, 553, EH, 185, 502, RH
191, 189, 513, EH, 527, 517, 520, EH, 189, 513, LH, 493, 525, 557, EH, 189, 511, EH
192, 188, 517, EH, 779, 514, 524, EH, 188, 517, LH, 197, 520, 561, EH, 188, 517, LH
193, 190, 521, EH, 456, 518, 528, RH, 190, 521, EH, 71, 527, 564, EH, 190, 521, RH
194, 223, 525, EH, 685, 523, 534, EH, 223, 524, EH, 92, 558, 567, LH, 223, 527, EH
195, 207, 529, EH, 384, 520, 537, EH, 204, 528, LH, 195, 549, 572, EH, 203, 532, LH
196, 199, 533, EH, 196, 522, 541, EH, 198, 533, LH, 74, 545, 578, EH, 198, 537, EH
197, 195, 537, EH, 561, 524, 549, EH, 194, 537, LH, 308, 544, 582, EMPTY, 194, 543, EH
198, 193, 541, EH, 291, 535, 553, EH, 192, 540, RH, 7, 548, 590, EH, 193, 547, EH
199, 192, 545, EH, 199, 530, 557, EMPTY, 193, 545, LH, 756, 547, 596, LH, 192, 550, RH
200, 194, 549, EH, 5, 528, 560, EH, 196, 548, EH, 375, 554, 599, EH, 196, 553, EH
201, 197, 553, EH, 283, 534, 580, LH, 195, 552, EH, 720, 553, 608, LH, 195, 555, EH
202, 196, 557, EH, 202, 540, 589, EH, 197, 556, EH, 182, 557, 611, LH, 197, 557, EH
203, 198, 561, EH, 547, 537, 592, EH, 200, 559, EH, 641, 562, 615, EH, 200, 559, EH
204, 203, 565, EH, 479, 541, 601, EMPTY, 199, 561, EH, 739, 559, 624, EH, 199, 561, EH
205, 201, 569, EH, 664, 558, 604, EMPTY, 202, 564, EH, 779, 561, 633, EMPTY, 201, 564, LH
206, 200, 573, EH, 683, 550, 608, EH, 201, 568, LH, 616, 565, 637, EH, 202, 567, LH
207, 202, 577, EH, 349, 546, 613, EMPTY, 203, 572, EH, 585, 564, 642, EH, 212, 570, LH
208, 205, 581, EH, 208, 549, 622, EH, 212, 577, RH, 208, 563, 648, EMPTY, 209, 572, RH
209, 204, 585, EH, 209, 554, 629, EH, 208, 584, LH, 40, 567, 653, EH, 207, 576, EH
210, 206, 589, EH, 210, 553, 632, LH, 206, 589, LH, 210, 602, 657, EH, 205, 579, EH
211, 215, 593, EH, 533, 552, 638, EH, 205, 592, EH, 389, 591, 660, EH, 204, 583, EH
212, 211, 597, EH, 195, 557, 645, EMPTY, 207, 595, EH, 183, 580, 664, EMPTY, 206, 588, RH
213, 209, 601, EH, 314, 566, 649, EH, 210, 600, LH, 475, 574, 668, EH, 208, 594, EH
214, 208, 605, EH, 454, 563, 662, LH, 209, 605, LH, 326, 572, 673, EMPTY, 211, 599, RH
215, 210, 609, EH, 503, 560, 666, EMPTY, 211, 609, EH, 126, 571, 679, LH, 210, 606, EH
216, 213, 613, EH, 411, 568, 680, EH, 219, 613, LH, 23, 578, 683, RH, 217, 611, RH
217, 212, 617, EH, 521, 607, 684, EMPTY, 216, 616, EH, 487, 577, 685, RH, 215, 615, RH
218, 214, 621, EH, 282, 591, 690, EH, 214, 621, LH, 357, 586, 689, EH, 214, 620, EH
219, 219, 625, EH, 637, 581, 697, EH, 213, 626, LH, 68, 582, 696, EH, 213, 625, EH
220, 217, 629, EH, 220, 577, 702, EH, 215, 629, RH, 386, 590, 702, EH, 216, 630, LH
221, 216, 633, EH, 269, 580, 708, EMPTY, 218, 633, EH, 221, 597, 704, EH, 220, 633, RH
222, 218, 637, EH, 44, 586, 715, EH, 217, 637, EH, 235, 594, 708, EMPTY, 219, 637, EH
223, 221, 641, EH, 572, 589, 723, EH, 221, 641, RH, 588, 596, 714, EH, 218, 641, LH
224, 220, 645, EH, 559, 602, 729, EMPTY, 220, 645, RH, 552, 600, 716, EH, 222, 643, EH
225, 222, 649, EH, 245, 597, 738, EH, 222, 649, LH, 248, 599, 727, EH, 221, 646, EH
226, 239, 653, EH, 341, 592, 747, EH, 239, 651, EH, 570, 623, 730, RH, 239, 650, EH
227, 231, 657, EH, 363, 601, 755, EH, 230, 656, EH, 607, 614, 733, EH, 233, 654, EH
228, 227, 661, EH, 271, 600, 764, EH, 227, 661, EH, 534, 609, 737, EH, 228, 657, RH
229, 225, 665, EH, 463, 605, 768, EH, 225, 665, LH, 38, 608, 752, EH, 225, 661, EH
230, 224, 669, EH, 92, 604, 780, EMPTY, 224, 669, LH, 230, 611, 755, EH, 224, 667, EH
231, 226, 673, EH, 231, 623, 784, RH, 226, 674, LH, 569, 620, 763, EMPTY, 226, 673, LH
232, 229, 677, EH, 342, 614, 789, EH, 229, 679, EH, 630, 615, 769, EH, 227, 679, LH
233, 228, 681, EH, 316, 611, 797, EH, 228, 684, LH, 723, 627, 776, EH, 231, 683, LH
234, 230, 685, EH, 375, 608, 3, RH, 236, 686, EH, 234, 625, 789, LH, 230, 685, RH
235, 235, 689, EH, 78, 613, 11, LH, 232, 689, LH, 425, 624, 794, EH, 229, 689, EH
236, 233, 693, EH, 58, 612, 14, EH, 231, 692, RH, 744, 635, 1, EH, 232, 692, RH
237, 232, 697, EH, 565, 617, 16, LH, 234, 698, LH, 306, 633, 8, EMPTY, 237, 696, LH
238, 234, 701, EH, 326, 622, 20, LH, 233, 701, RH, 124, 632, 11, EH, 235, 700, EH
239, 237, 707, EH, 627, 631, 24, EH, 235, 706, LH, 165, 637, 44, EH, 234, 706, EH
240, 236, 715, EH, 259, 624, 38, EH, 237, 709, RH, 514, 638, 50, EH, 236, 715, LH
241, 238, 723, EH, 241, 629, 40, EH, 238, 713, EH, 317, 703, 56, EH, 238, 723, EH
242, 247, 731, EH, 606, 635, 48, EMPTY, 244, 717, EH, 757, 670, 80, EH, 248, 732, LH
243, 243, 739, EH, 419, 632, 56, EMPTY, 241, 721, EH, 551, 659, 93, EH, 244, 737, EH
244, 241, 747, EH, 585, 638, 68, EH, 240, 724, EH, 0, 652, 102, LH, 242, 744, EH
245, 240, 755, EH, 123, 703, 72, EH, 242, 727, EH, 54, 644, 113, EH, 240, 750, EH
246, 242, 763, EH, 669, 671, 83, RH, 243, 732, LH, 246, 642, 118, EH, 241, 758, RH
247, 245, 769, EH, 166, 652, 106, EMPTY, 250, 738, EH, 676, 643, 122, LH, 243, 769, LH
248, 244, 773, EH, 458, 647, 114, EH, 247, 745, EH, 489, 648, 133, EH, 246, 772, RH
249, 246, 777, EH, 238, 640, 120, EMPTY, 245, 755, LH, 249, 656, 168, EH, 245, 776, EH
250, 251, 781, EH, 74, 645, 125, EH, 246, 762, RH, 250, 653, 178, EMPTY, 247, 779, RH
251, 249, 785, EH, 516, 650, 128, EH, 249, 770, EH, 741, 657, 189, EH, 252, 784, EH
252, 248, 789, EH, 494, 649, 131, EH, 248, 777, EH, 724, 663, 196, EH, 250, 789, RH
253, 250, 793, EH, 477, 659, 136, EH, 253, 786, EH, 5, 661, 199, EMPTY, 249, 794, EH
254, 253, 797, RH, 609, 656, 161, EH, 252, 796, LH, 367, 660, 201, EH, 251, 799, LH
255, 252, 1, EH, 360, 663, 180, EMPTY, 251, 3, EH, 142, 665, 222, EH, 254, 1, RH
256, 254, 5, EH, 567, 662, 186, EH, 254, 8, EH, 416, 664, 224, EH, 253, 8, LH
257, 383, 9, EH, 8, 666, 189, EMPTY, 380, 11, RH, 537, 668, 232, EH, 379, 13, LH
258, 319, 13, EH, 49, 687, 224, EH, 318, 14, EH, 666, 687, 236, EMPTY, 318, 18, EH
259, 287, 17, EH, 215, 676, 229, EH, 287, 17, EH, 398, 681, 243, EMPTY, 286, 23, EH
260, 271, 21, EH, 678, 673, 240, EMPTY, 270, 20, EH, 748, 675, 282, EH, 268, 28, EH
261, 263, 25, EH, 658, 682, 249, EH, 260, 24, LH, 784, 673, 291, EMPTY, 262, 33, LH
262, 259, 29, EH, 65, 680, 253, EH, 258, 29, LH, 576, 672, 307, EH, 259, 38, EH
263, 257, 33, EH, 538, 684, 256, EH, 256, 33, EH, 263, 674, 315, EMPTY, 257, 43, EMPTY
264, 256, 37, EH, 277, 695, 272, EH, 257, 37, EH, 264, 679, 321, EH, 256, 45, EH
265, 258, 41, EH, 423, 692, 278, EH, 259, 41, LH, 690, 680, 323, EH, 258, 49, EH
266, 261, 45, EH, 431, 690, 289, EMPTY, 267, 45, LH, 89, 684, 327, EH, 261, 51, EMPTY
267, 260, 49, EH, 73, 701, 294, EH, 263, 48, RH, 216, 683, 334, EMPTY, 260, 53, LH
268, 262, 53, EH, 399, 697, 298, EMPTY, 262, 51, EH, 798, 685, 338, EH, 264, 57, EH
269, 267, 57, EH, 126, 700, 300, EMPTY, 261, 54, EH, 445, 697, 342, EH, 263, 61, RH
270, 265, 61, EH, 440, 702, 313, EH, 265, 58, EH, 270, 694, 345, EMPTY, 266, 66, EH
271, 264, 65, EH, 243, 767, 339, EH, 264, 64, LH, 274, 689, 355, EH, 265, 70, RH
272, 266, 69, EH, 297, 734, 345, EH, 266, 68, RH, 743, 696, 376, EH, 267, 75, RH
273, 269, 73, EH, 706, 719, 392, EH, 268, 73, EH, 504, 699, 391, EMPTY, 275, 78, RH
274, 268, 77, EH, 274, 711, 400, EH, 269, 77, EH, 30, 702, 451, EH, 272, 80, LH
275, 270, 81, EH, 275, 708, 408, EH, 279, 82, EH, 725, 734, 455, EH, 270, 83, EH
276, 279, 85, EH, 216, 707, 413, EMPTY, 276, 86, RH, 276, 718, 458, EH, 269, 86, EH
277, 275, 89, EH, 264, 709, 427, EH, 272, 92, EH, 174, 709, 463, EMPTY, 271, 91, EH
278, 273, 93, EH, 777, 715, 436, EMPTY, 271, 100, EH, 424, 706, 466, EH, 273, 94, RH
279, 272, 97, EH, 798, 712, 439, EMPTY, 274, 105, EH, 387, 704, 479, EH, 274, 99, LH
280, 274, 101, EH, 555, 717, 464, EH, 273, 109, LH, 589, 708, 482, EMPTY, 281, 106, RH
281, 277, 105, EH, 588, 718, 469, EH, 275, 111, RH, 247, 707, 486, LH, 279, 112, EH
282, 276, 109, EH, 179, 725, 472, EH, 278, 114, EH, 575, 715, 490, RH, 277, 116, EH
283, 278, 113, EH, 403, 723, 480, EH, 277, 116, EH, 101, 714, 494, EH, 276, 120, EH
284, 283, 117, EH, 751, 720, 486, EH, 283, 118, EH, 284, 716, 497, EMPTY, 278, 122, EH
285, 281, 121, EH, 616, 722, 488, EH, 281, 121, EH, 390, 728, 500, EH, 280, 126, LH
286, 280, 125, EH, 654, 724, 497, EMPTY, 280, 125, EH, 439, 726, 508, EMPTY, 283, 129, EH
287, 282, 129, EH, 188, 729, 501, EH, 282, 128, RH, 760, 727, 547, EH, 282, 132, LH
288, 285, 133, EH, 257, 728, 505, EH, 285, 131, EH, 202, 732, 563, EMPTY, 284, 134, RH
289, 284, 137, EH, 630, 731, 509, EH, 284, 134, EH, 171, 730, 571, EH, 285, 138, EH
290, 286, 141, EH, 286, 749, 522, EMPTY, 286, 138, EH, 645, 733, 577, EH, 300, 141, RH
291, 303, 145, EH, 43, 742, 552, EH, 303, 142, EH, 711, 765, 632, EH, 294, 145, EH
292, 295, 149, EH, 336, 738, 600, EH, 295, 146, EH, 538, 754, 638, EH, 290, 151, EH
293, 291, 153, EH, 383, 737, 612, EH, 292, 149, RH, 319, 747, 643, RH, 288, 157, LH
294, 289, 157, EH, 54, 736, 700, EH, 290, 155, LH, 654, 737, 672, EH, 287, 162, LH
295, 288, 161, EH, 33, 740, 707, EH, 289, 160, LH, 100, 735, 674, EMPTY, 289, 166, EH
296, 290, 165, EH, 648, 747, 709, EH, 288, 164, RH, 373, 746, 680, EH, 292, 169, EH
297, 293, 169, EH, 455, 745, 712, EH, 291, 169, LH, 297, 752, 707, LH, 291, 174, EH
298, 292, 173, EH, 691, 746, 717, EMPTY, 293, 172, LH, 277, 750, 735, EH, 293, 178, EH
299, 294, 177, EH, 741, 748, 720, EMPTY, 294, 174, RH, 305, 753, 746, EMPTY, 296, 184, LH
300, 299, 181, EH, 732, 759, 724, EH, 299, 178, EH, 721, 758, 750, EH, 295, 189, EH
301, 297, 185, EH, 301, 755, 728, EH, 297, 182, LH, 184, 755, 753, EH, 298, 193, EH
302, 296, 189, EH, 217, 754, 731, EMPTY, 296, 187, EH, 406, 763, 761, EMPTY, 297, 196, EH
303, 298, 193, EH, 84, 758, 737, EMPTY, 298, 192, RH, 145, 761, 768, EMPTY, 299, 199, LH
304, 301, 197, EH, 201, 764, 740, EH, 301, 196, EH, 471, 781, 772, EH, 310, 201, EH
305, 300, 201, EH, 305, 763, 745, EH, 300, 199, EH, 717, 774, 775, EH, 305, 207, EH
306, 302, 205, EH, 175, 765, 748, EMPTY, 302, 202, EH, 546, 769, 778, EH, 303, 211, RH
307, 311, 209, EH, 307, 781, 754, EH, 311, 206, EH, 462, 768, 786, EMPTY, 301, 215, LH
308, 307, 213, EH, 146, 774, 758, LH, 307, 210, EH, 32, 772, 790, EH, 302, 220, LH
309, 305, 217, EH, 473, 770, 763, EMPTY, 305, 216, EH, 86, 776, 792, EH, 304, 225, LH
310, 304, 221, EH, 353, 768, 765, EH, 304, 221, EH, 459, 775, 797, EH, 307, 231, EH
311, 306, 225, EH, 108, 776, 790, EH, 306, 225, EH, 311, 778, 231, EH, 306, 235, RH
312, 309, 229, EH, 495, 780, 412, EH, 309, 229, LH, 593, 791, 238, EH, 308, 238, LH
313, 308, 233, EH, 143, 791, 500, EH, 308, 232, RH, 313, 789, 330, EH, 309, 242, EH
314, 310, 237, EH, 730, 786, 504, EH, 310, 237, RH, 712, 786, 341, EH, 314, 246, EH
315, 315, 241, EH, 246, 784, 510, EH, 314, 240, EH, 6, 788, 496, EH, 312, 250, LH
316, 313, 245, EH, 134, 789, 718, EMPTY, 313, 242, RH, 316, 790, 499, LH, 311, 254, EH
317, 312, 249, EH, 317, 790, 722, EH, 312, 247, EH, 241, 794, 501, EH, 313, 257, EH
318, 314, 253, EH, 266, 793, 736, EMPTY, 316, 253, LH, 647, 792, 507, LH, 316, 261, LH
319, 317, 257, EH, 783, 797, 746, EH, 315, 256, RH, 217, 797, 788, EH, 315, 263, EH
320, 316, 261, EH, 775, None, None, EH, 317, 259, EH, 303, None, None, EMPTY, 317, 266, LH
321, 318, 265, EH, 133, None, None, EH, 351, 263, EH, 604, None, None, EH, 346, 270, EH
322, 351, 269, EH, 696, None, None, LH, 335, 268, RH, 481, None, None, EMPTY, 335, 273, EH
323, 335, 273, EH, 233, None, None, LH, 326, 272, RH, 598, None, None, EH, 328, 279, EH
324, 327, 277, EH, 324, None, None, RH, 323, 278, LH, 339, None, None, EMPTY, 322, 283, RH
325, 323, 281, EH, 325, None, None, EMPTY, 321, 281, EH, 560, None, None, EH, 320, 288, LH
326, 321, 285, EH, 499, None, None, EH, 320, 285, EH, 173, None, None, EMPTY, 319, 292, RH
327, 320, 289, EH, 251, None, None, EH, 319, 290, LH, 505, None, None, EH, 321, 295, EH
328, 322, 293, EH, 102, None, None, EMPTY, 322, 293, RH, 388, None, None, EMPTY, 324, 298, EH
329, 325, 297, EH, 288, None, None, EH, 324, 297, EH, 229, None, None, EMPTY, 323, 303, EH
330, 324, 301, EH, 395, None, None, EMPTY, 325, 301, EH, 401, None, None, EH, 326, 307, EH
331, 326, 305, EH, 531, None, None, EH, 332, 305, EH, 454, None, None, EMPTY, 325, 312, LH
332, 331, 309, EH, 756, None, None, EMPTY, 329, 309, EH, 692, None, None, EH, 327, 316, RH
333, 329, 313, EH, 333, None, None, EMPTY, 328, 313, LH, 58, None, None, EH, 331, 320, EH
334, 328, 317, EH, 306, None, None, EH, 327, 316, EH, 566, None, None, EH, 330, 324, EH
335, 330, 321, EH, 124, None, None, EH, 330, 321, LH, 782, None, None, EMPTY, 329, 330, EH
336, 333, 325, EH, 429, None, None, EH, 331, 324, RH, 132, None, None, EH, 333, 333, RH
337, 332, 329, EH, 675, None, None, EH, 333, 329, EH, 2, None, None, EH, 332, 336, LH
338, 334, 333, EH, 368, None, None, RH, 334, 333, RH, 207, None, None, EMPTY, 334, 339, EH
339, 343, 337, EH, 620, None, None, RH, 344, 338, LH, 444, None, None, EH, 340, 342, RH
340, 339, 341, EH, 795, None, None, EH, 340, 342, EH, 618, None, None, EH, 338, 345, EH
341, 337, 345, EH, 30, None, None, EH, 338, 346, LH, 260, None, None, EH, 336, 348, LH
342, 336, 349, EH, 98, None, None, EH, 337, 349, EH, 267, None, None, EH, 337, 352, LH
343, 338, 353, EH, 570, None, None, LH, 336, 352, RH, 770, None, None, EH, 339, 358, LH
344, 341, 357, EH, 434, None, None, EH, 339, 356, LH, 759, None, None, EMPTY, 343, 361, EH
345, 340, 361, EH, 726, None, None, RH, 342, 359, EMPTY, 349, None, None, EH, 342, 365, EH
346, 342, 365, EH, 681, None, None, EH, 341, 362, EH, 626, None, None, EH, 341, 369, RH
347, 347, 369, EH, 97, None, None, EH, 343, 365, EH, 144, None, None, EH, 345, 374, EH
348, 345, 373, EH, 496, None, None, EH, 347, 370, RH, 705, None, None, EH, 344, 377, RH
349, 344, 377, EH, 93, None, None, EH, 346, 376, EH, 522, None, None, RH, 363, 381, EH
350, 346, 381, EH, 350, None, None, EH, 345, 382, RH, 67, None, None, EH, 356, 384, RH
351, 349, 385, EH, 704, None, None, EMPTY, 349, 387, EH, 351, None, None, EH, 349, 387, EH
352, 348, 389, EH, 799, None, None, EH, 348, 392, EH, 257, None, None, EH, 348, 390, RH
353, 350, 393, EH, 330, None, None, EH, 350, 396, EH, 353, None, None, EH, 347, 393, RH
354, 367, 397, EH, 634, None, None, EMPTY, 360, 400, EH, 472, None, None, EMPTY, 352, 398, EH
355, 359, 401, EH, 101, None, None, EH, 357, 404, EH, 777, None, None, EMPTY, 351, 404, EH
356, 355, 405, EH, 450, None, None, EMPTY, 354, 409, RH, 536, None, None, EH, 350, 411, EH
357, 353, 409, EH, 158, None, None, EH, 352, 412, LH, 448, None, None, EMPTY, 354, 417, RH
358, 352, 413, EH, 468, None, None, EMPTY, 353, 416, RH, 121, None, None, EH, 353, 420, EH
359, 354, 417, EH, 359, None, None, EMPTY, 356, 419, RH, 185, None, None, EH, 355, 423, EH
360, 357, 421, EH, 625, None, None, EH, 355, 423, RH, 592, None, None, EMPTY, 360, 426, EH
361, 356, 425, EH, 135, None, None, EMPTY, 358, 426, EH, 304, None, None, EH, 358, 429, EH
362, 358, 429, EH, 362, None, None, EH, 359, 430, RH, 764, None, None, EMPTY, 357, 432, EH
363, 363, 433, EH, 760, None, None, EMPTY, 367, 433, LH, 251, None, None, EH, 359, 435, EH
364, 361, 437, EH, 526, None, None, EH, 364, 436, EH, 364, None, None, EH, 361, 439, EH
365, 360, 441, EH, 766, None, None, EH, 362, 440, RH, 213, None, None, EH, 362, 443, LH
366, 362, 445, EH, 366, None, None, EMPTY, 361, 447, RH, 766, None, None, EMPTY, 372, 448, LH
367, 365, 449, EH, 327, None, None, EMPTY, 363, 452, EH, 695, None, None, EMPTY, 367, 451, EH
368, 364, 453, EH, 248, None, None, EH, 365, 456, RH, 368, None, None, EH, 365, 454, LH
369, 366, 457, EH, 670, None, None, None, 366, 459, LH, 156, None, None, None, 364, 457, EH
370, 375, 461, EH, 753, None, None, None, 374, 463, EH, 698, None, None, None, 366, 460, EH
371, 371, 465, EH, 312, None, None, None, 370, 466, EH, 601, None, None, None, 369, 463, EH
372, 369, 469, EH, 372, None, None, None, 368, 469, EH, 37, None, None, None, 368, 467, LH
373, 368, 473, EH, 37, None, None, None, 369, 474, EH, 148, None, None, None, 371, 472, LH
374, 370, 477, EH, 536, None, None, None, 372, 479, LH, 428, None, None, None, 370, 479, LH
375, 373, 481, EH, 261, None, None, None, 371, 483, LH, 403, None, None, None, 376, 485, EH
376, 372, 485, EH, 376, None, None, None, 373, 487, EH, 227, None, None, None, 374, 488, EH
377, 374, 489, EH, 190, None, None, None, 376, 490, LH, 269, None, None, None, 373, 493, LH
378, 379, 493, EH, 378, None, None, None, 375, 495, EH, 378, None, None, None, 375, 497, RH
379, 377, 497, EH, 379, None, None, None, 378, 500, EH, 634, None, None, None, 377, 500, EH
380, 376, 501, EH, 90, None, None, None, 377, 505, EH, 39, None, None, None, 378, 506, LH
381, 378, 505, EH, 735, None, None, None, 379, 509, LH, 143, None, None, None, 441, 510, EH
382, 381, 509, EH, 382, None, None, None, 444, 512, EH, 12, None, None, None, 415, 512, EH
383, 380, 512, EH, 787, None, None, None, 415, 515, EH, 492, None, None, None, 391, 515, EH
384, 382, 514, EH, 587, None, None, None, 398, 518, EMPTY, 218, None, None, None, 386, 518, EH
385, 447, 516, EH, 122, None, None, None, 390, 520, RH, 542, None, None, None, 383, 520, EH
386, 415, 518, EH, 386, None, None, None, 384, 522, EH, 112, None, None, None, 381, 523, EH
387, 399, 520, EH, 387, None, None, None, 382, 527, EH, 29, None, None, None, 380, 526, EH
388, 391, 522, EH, 388, None, None, None, 381, 529, EH, 130, None, None, None, 382, 528, EH
389, 387, 524, EH, 788, None, None, None, 383, 531, LH, 380, None, None, None, 384, 531, EH
390, 385, 526, EH, 55, None, None, None, 387, 534, EH, 14, None, None, None, 385, 533, EH
391, 384, 528, EH, 391, None, None, None, 386, 536, RH, 677, None, None, None, 389, 536, LH
392, 386, 530, EH, 443, None, None, None, 385, 539, EH, 531, None, None, None, 387, 539, EH
393, 389, 532, EH, 393, None, None, None, 389, 541, EH, 149, None, None, None, 388, 542, LH
394, 388, 534, EH, 750, None, None, None, 388, 544, EMPTY, 394, None, None, None, 390, 544, EH
395, 390, 536, EH, 385, None, None, None, 394, 547, EH, 15, None, None, None, 402, 546, EH
396, 395, 538, EH, 615, None, None, None, 392, 549, RH, 434, None, None, None, 395, 548, EH
397, 393, 540, EH, 425, None, None, None, 391, 551, EH, 397, None, None, None, 393, 551, EH
398, 392, 542, EH, 77, None, None, None, 393, 553, EMPTY, 736, None, None, None, 392, 563, EH
399, 394, 544, EH, 636, None, None, None, 396, 555, EH, 383, None, None, None, 394, 566, EMPTY
400, 397, 546, EH, 228, None, None, None, 395, 557, EH, 374, None, None, None, 398, 569, EH
401, 396, 548, EH, 778, None, None, None, 397, 563, EH, 325, None, None, None, 396, 573, EH
402, 398, 550, EH, 716, None, None, None, 407, 565, EH, 159, None, None, None, 397, 575, EMPTY
403, 407, 552, EH, 643, None, None, None, 402, 567, EH, 410, None, None, None, 400, 577, EH
404, 403, 554, EH, 401, None, None, None, 400, 571, EH, 404, None, None, None, 399, 582, EMPTY
405, 401, 556, EH, 462, None, None, None, 399, 573, EH, 382, None, None, None, 401, 585, EH
406, 400, 558, EH, 406, None, None, None, 401, 576, EH, 413, None, None, None, 408, 587, EMPTY
407, 402, 560, EH, 744, None, None, None, 404, 579, EH, 407, None, None, None, 404, 590, EMPTY
408, 405, 562, EH, 112, None, None, None, 403, 582, EMPTY, 366, None, None, None, 403, 593, EH
409, 404, 564, EH, 551, None, None, None, 405, 585, LH, 354, None, None, None, 406, 596, EH
410, 406, 566, EH, 197, None, None, None, 406, 588, RH, 710, None, None, None, 405, 598, EH
411, 411, 568, EH, 61, None, None, None, 410, 590, EH, 573, None, None, None, 407, 600, LH
412, 409, 570, EH, 373, None, None, None, 409, 594, EH, 473, None, None, None, 411, 604, LH
413, 408, 572, EH, 672, None, None, None, 408, 596, RH, 204, None, None, None, 409, 608, EH
414, 410, 574, EH, 532, None, None, None, 412, 599, EH, 365, None, None, None, 410, 610, LH
415, 413, 576, EH, 548, None, None, None, 411, 601, LH, 370, None, None, None, 413, 612, LH
416, 412, 578, EH, 416, None, None, None, 413, 604, EH, 793, None, None, None, 412, 616, LH
417, 414, 580, EH, 417, None, None, None, 414, 606, EH, 417, None, None, None, 414, 619, EH
418, 431, 582, EH, 667, None, None, None, 428, 608, EH, 749, None, None, None, 427, 621, RH
419, 423, 584, EH, 36, None, None, None, 421, 610, LH, 628, None, None, None, 421, 624, EH
420, 419, 586, EH, 574, None, None, None, 418, 612, EH, 155, None, None, None, 419, 626, LH
421, 417, 588, EH, 361, None, None, None, 416, 615, LH, 528, None, None, None, 417, 629, EH
422, 416, 590, EH, 583, None, None, None, 417, 617, EH, 422, None, None, None, 416, 631, RH
423, 418, 592, EH, 265, None, None, None, 419, 620, EH, 423, None, None, None, 418, 634, EMPTY
424, 421, 594, EH, 424, None, None, None, 420, 622, EH, 90, None, None, None, 420, 636, EH
425, 420, 596, EH, 397, None, None, None, 425, 624, EH, 285, None, None, None, 425, 638, LH
426, 422, 598, EH, 168, None, None, None, 423, 627, EMPTY, 516, None, None, None, 423, 640, RH
427, 427, 600, EH, 794, None, None, None, 422, 630, EH, 265, None, None, None, 422, 645, EH
428, 425, 602, EH, 661, None, None, None, 424, 632, EH, 400, None, None, None, 424, 647, EH
429, 424, 604, EH, 27, None, None, None, 426, 634, LH, 693, None, None, None, 426, 649, LH
430, 426, 606, EH, 1, None, None, None, 427, 636, EH, 16, None, None, None, 433, 651, EH
431, 429, 608, EH, 482, None, None, None, 435, 638, RH, 253, None, None, None, 431, 653, EMPTY
432, 428, 610, EH, 491, None, None, None, 431, 640, EH, 795, None, None, None, 429, 655, EH
433, 430, 612, EH, 598, None, None, None, 430, 643, EMPTY, 206, None, None, None, 428, 658, EH
434, 439, 614, EH, 62, None, None, None, 429, 646, EH, 309, None, None, None, 430, 660, EH
435, 435, 616, EH, 331, None, None, None, 433, 648, EH, 79, None, None, None, 432, 662, EH
436, 433, 618, EH, 369, None, None, None, 432, 654, EH, 686, None, None, None, 436, 665, EMPTY
437, 432, 620, EH, 544, None, None, None, 434, 657, EH, 701, None, None, None, 435, 668, EH
438, 434, 622, EH, 484, None, None, None, 438, 660, EH, 535, None, None, None, 434, 672, EH
439, 437, 624, EH, 579, None, None, None, 436, 662, EH, 622, None, None, None, 439, 674, EH
440, 436, 626, EH, 619, None, None, None, 437, 664, LH, 440, None, None, None, 437, 677, EH
441, 438, 628, EH, 441, None, None, None, 440, 668, EMPTY, 581, None, None, None, 438, 680, EH
442, 443, 630, EH, 442, None, None, None, 439, 670, EH, 125, None, None, None, 440, 682, EH
443, 441, 632, EH, 493, None, None, None, 442, 673, EH, 443, None, None, None, 469, 686, EMPTY
444, 440, 634, EH, 153, None, None, None, 441, 675, EMPTY, 350, None, None, None, 456, 688, EH
445, 442, 636, EH, 769, None, None, None, 443, 677, EH, 27, None, None, None, 450, 690, EH
446, 445, 638, EH, 642, None, None, None, 476, 680, RH, 84, None, None, None, 445, 693, EH
447, 444, 640, EH, 447, None, None, None, 461, 683, EH, 785, None, None, None, 443, 695, EH
448, 446, 642, EH, 448, None, None, None, 454, 688, EH, 523, None, None, None, 442, 699, RH
449, 479, 644, EH, 185, None, None, None, 451, 691, EH, 449, None, None, None, 444, 702, LH
450, 463, 646, EH, 564, None, None, None, 447, 693, EMPTY, 511, None, None, None, 448, 704, EH
451, 455, 648, EH, 348, None, None, None, 446, 697, LH, 745, None, None, None, 447, 708, EH
452, 451, 650, EH, 445, None, None, None, 445, 699, EH, 205, None, None, None, 446, 713, EH
453, 449, 652, EH, 147, None, None, None, 449, 702, LH, 453, None, None, None, 449, 716, EH
454, 448, 654, EH, 655, None, None, None, 448, 705, EH, 405, None, None, None, 452, 720, EMPTY
455, 450, 656, EH, 154, None, None, None, 450, 707, RH, 678, None, None, None, 451, 726, EMPTY
456, 453, 658, EH, 319, None, None, None, 452, 710, RH, 438, None, None, None, 454, 730, EH
457, 452, 660, EH, 433, None, None, None, 453, 712, EH, 595, None, None, None, 453, 733, EH
458, 454, 662, EH, 142, None, None, None, 457, 714, EMPTY, 669, None, None, None, 455, 735, EH
459, 459, 664, EH, 459, None, None, None, 456, 716, EH, 532, None, None, None, 461, 738, EMPTY
460, 457, 666, EH, 91, None, None, None, 455, 718, EMPTY, 474, None, None, None, 458, 742, EH
461, 456, 668, EH, 771, None, None, None, 459, 720, EH, 298, None, None, None, 457, 746, EH
462, 458, 670, EH, 694, None, None, None, 458, 722, RH, 36, None, None, None, 460, 748, EMPTY
463, 461, 672, EH, 596, None, None, None, 460, 726, LH, 119, None, None, None, 459, 752, LH
464, 460, 674, EH, 489, None, None, None, 467, 728, EH, 731, None, None, None, 464, 756, LH
465, 462, 676, EH, 578, None, None, None, 465, 731, EMPTY, 465, None, None, None, 463, 762, RH
466, 471, 678, EH, 193, None, None, None, 463, 733, EH, 640, None, None, None, 462, 767, LH
467, 467, 680, EH, 308, None, None, None, 462, 736, LH, 109, None, None, None, 467, 770, LH
468, 465, 682, EH, 23, None, None, None, 464, 740, EH, 722, None, None, None, 466, 773, RH
469, 464, 684, EH, 414, None, None, None, 466, 743, EMPTY, 767, None, None, None, 465, 775, RH
470, 466, 686, EH, 28, None, None, None, 471, 747, EH, 470, None, None, None, 468, 777, LH
471, 469, 688, EH, 0, None, None, None, 469, 752, EH, 358, None, None, None, 491, 780, EH
472, 468, 690, EH, 420, None, None, None, 468, 757, EH, 584, None, None, None, 483, 783, EH
473, 470, 692, EH, 302, None, None, None, 470, 761, EH, 530, None, None, None, 475, 786, RH
474, 475, 694, EH, 17, None, None, None, 474, 764, EH, 302, None, None, None, 472, 790, RH
475, 473, 696, EH, 70, None, None, None, 472, 768, EH, 337, None, None, None, 471, 792, EH
476, 472, 698, EH, 603, None, None, None, 473, 772, EH, 446, None, None, None, 470, 796, LH
477, 474, 700, EH, 542, None, None, None, 475, 776, EH, 671, None, None, None, 473, 798, RH
478, 477, 702, EH, 478, None, None, None, 492, 779, EH, 17, None, None, None, 474, 0, EH
479, 476, 705, EH, 234, None, None, None, 485, 784, LH, 287, None, None, None, 479, 3, EH
480, 478, 709, EH, None, None, None, None, 481, 789, EH, None, None, None, None, 477, 6, EH
481, 495, 713, EH, None, None, None, None, 479, 793, EH, None, None, None, None, 476, 9, EH
482, 487, 717, EH, None, None, None, None, 477, 798, EH, None, None, None, None, 478, 11, EH
483, 483, 721, EH, None, None, None, None, 478, 1, RH, None, None, None, None, 481, 14, EMPTY
484, 481, 725, EH, None, None, None, None, 480, 4, EH, None, None, None, None, 480, 16, EH
485, 480, 729, EH, None, None, None, None, 483, 7, EH, None, None, None, None, 482, 19, EH
486, 482, 733, EH, None, None, None, None, 482, 9, EH, None, None, None, None, 486, 22, EH
487, 485, 737, EH, None, None, None, None, 484, 12, LH, None, None, None, None, 485, 24, EMPTY
488, 484, 741, EH, None, None, None, None, 488, 16, RH, None, None, None, None, 484, 26, EH
489, 486, 745, EH, None, None, None, None, 487, 18, RH, None, None, None, None, 488, 30, LH
490, 491, 749, EH, None, None, None, None, 486, 22, EH, None, None, None, None, 487, 32, EH
491, 489, 753, EH, None, None, None, None, 490, 25, LH, None, None, None, None, 490, 36, EMPTY
492, 488, 757, EH, None, None, None, None, 489, 27, EH, None, None, None, None, 489, 40, EH
493, 490, 761, EH, None, None, None, None, 491, 30, LH, None, None, None, None, 498, 48, RH
494, 493, 765, EH, None, None, None, None, 502, 32, LH, None, None, None, None, 495, 54, LH
495, 492, 768, EH, None, None, None, None, 498, 34, RH, None, None, None, None, 493, 56, EH
496, 494, 770, EH, None, None, None, None, 495, 36, EH, None, None, None, None, 492, 58, EMPTY
497, 503, 772, EH, None, None, None, None, 494, 38, EH, None, None, None, None, 494, 60, EH
498, 499, 774, EH, None, None, None, None, 493, 40, RH, None, None, None, None, 497, 62, LH
499, 497, 776, EH, None, None, None, None, 497, 44, EH, None, None, None, None, 496, 65, EH
500, 496, 778, EH, None, None, None, None, 496, 46, EH, None, None, None, None, 502, 68, EH
501, 498, 780, EH, None, None, None, None, 500, 49, EMPTY, None, None, None, None, 500, 71, RH
502, 501, 782, EH, None, None, None, None, 499, 53, EH, None, None, None, None, 499, 73, EH
503, 500, 784, EH, None, None, None, None, 501, 55, EH, None, None, None, None, 501, 76, RH
504, 502, 786, EH, None, None, None, None, 507, 57, EH, None, None, None, None, 506, 82, RH
505, 507, 788, EH, None, None, None, None, 505, 59, RH, None, None, None, None, 504, 84, EH
506, 505, 790, EH, None, None, None, None, 504, 62, EH, None, None, None, None, 503, 87, EH
507, 504, 792, EH, None, None, None, None, 503, 65, RH, None, None, None, None, 505, 89, RH
508, 506, 794, EH, None, None, None, None, 506, 67, EH, None, None, None, None, 507, 92, LH
509, 509, 796, EH, None, None, None, None, 509, 69, EH, None, None, None, None, 508, 95, EH
510, 508, 798, RH, None, None, None, None, 508, 72, EH, None, None, None, None, 639, 97, EMPTY
511, 510, 0, EH, None, None, None, None, 510, 74, EH, None, None, None, None, 568, 101, EH
512, 639, 2, EH, None, None, None, None, 639, 76, EH, None, None, None, None, 549, 104, LH
513, 575, 4, EH, None, None, None, None, 569, 78, EH, None, None, None, None, 529, 108, EH
514, 543, 6, EH, None, None, None, None, 543, 81, EMPTY, None, None, None, None, 519, 111, EMPTY
515, 527, 8, EH, None, None, None, None, 525, 83, LH, None, None, None, None, 513, 113, EMPTY
516, 519, 10, EH, None, None, None, None, 519, 87, EH, None, None, None, None, 511, 115, EH
517, 515, 12, EH, None, None, None, None, 514, 90, EMPTY, None, None, None, None, 510, 117, EH
518, 513, 14, EH, None, None, None, None, 513, 94, EH, None, None, None, None, 512, 119, EH
519, 512, 16, EH, None, None, None, None, 512, 98, EH, None, None, None, None, 517, 124, EH
520, 514, 18, EH, None, None, None, None, 517, 102, EH, None, None, None, None, 515, 127, RH
521, 517, 20, EH, None, None, None, None, 515, 104, EH, None, None, None, None, 514, 130, EH
522, 516, 22, EH, None, None, None, None, 516, 106, EH, None, None, None, None, 516, 135, LH
523, 518, 24, EH, None, None, None, None, 518, 108, EH, None, None, None, None, 518, 137, EMPTY
524, 523, 26, EH, None, None, None, None, 523, 112, EH, None, None, None, None, 525, 139, EH
525, 521, 28, EH, None, None, None, None, 521, 120, EH, None, None, None, None, 521, 144, RH
526, 520, 30, EH, None, None, None, None, 520, 122, RH, None, None, None, None, 520, 146, EH
527, 522, 32, EH, None, None, None, None, 522, 124, EH, None, None, None, None, 523, 149, EH
528, 525, 34, EH, None, None, None, None, 524, 126, EH, None, None, None, None, 522, 152, EH
529, 524, 36, EH, None, None, None, None, 535, 129, EH, None, None, None, None, 524, 155, EMPTY
530, 526, 38, EH, None, None, None, None, 530, 133, EH, None, None, None, None, 527, 158, EH
531, 535, 40, EH, None, None, None, None, 528, 135, LH, None, None, None, None, 526, 161, RH
532, 531, 42, EH, None, None, None, None, 527, 137, RH, None, None, None, None, 528, 163, EH
533, 529, 44, EH, None, None, None, None, 526, 139, EMPTY, None, None, None, None, 541, 165, EMPTY
534, 528, 46, EH, None, None, None, None, 529, 141, EH, None, None, None, None, 534, 167, EH
535, 530, 48, EH, None, None, None, None, 533, 143, EH, None, None, None, None, 532, 172, RH
536, 533, 50, EH, None, None, None, None, 531, 145, EH, None, None, None, None, 531, 175, EH
537, 532, 52, EH, None, None, None, None, 532, 147, EH, None, None, None, None, 530, 177, RH
538, 534, 54, EH, None, None, None, None, 534, 150, LH, None, None, None, None, 533, 179, EH
539, 539, 56, EH, None, None, None, None, 538, 153, EH, None, None, None, None, 537, 182, EH
540, 537, 58, EH, None, None, None, None, 537, 156, EH, None, None, None, None, 536, 186, EH
541, 536, 60, EH, None, None, None, None, 536, 159, EH, None, None, None, None, 535, 188, EH
542, 538, 62, EH, None, None, None, None, 540, 161, EMPTY, None, None, None, None, 539, 190, EH
543, 541, 64, EH, None, None, None, None, 539, 163, EMPTY, None, None, None, None, 538, 192, EH
544, 540, 66, EH, None, None, None, None, 541, 165, EH, None, None, None, None, 540, 195, EMPTY
545, 542, 68, EH, None, None, None, None, 542, 168, EH, None, None, None, None, 545, 197, RH
546, 559, 70, EH, None, None, None, None, 558, 171, EH, None, None, None, None, 543, 202, EH
547, 551, 72, EH, None, None, None, None, 550, 175, EH, None, None, None, None, 542, 205, EMPTY
548, 547, 74, EH, None, None, None, None, 546, 177, EH, None, None, None, None, 544, 208, EH
549, 545, 76, EH, None, None, None, None, 545, 179, EMPTY, None, None, None, None, 547, 210, EMPTY
550, 544, 78, EH, None, None, None, None, 544, 181, EH, None, None, None, None, 546, 214, EH
551, 546, 80, EH, None, None, None, None, 548, 185, EH, None, None, None, None, 548, 216, EH
552, 549, 82, EH, None, None, None, None, 547, 189, EH, None, None, None, None, 558, 219, EH
553, 548, 84, EH, None, None, None, None, 549, 193, EH, None, None, None, None, 554, 222, LH
554, 550, 86, EH, None, None, None, None, 554, 195, EH, None, None, None, None, 552, 224, EH
555, 555, 88, EH, None, None, None, None, 552, 197, EH, None, None, None, None, 550, 226, EH
556, 553, 90, EH, None, None, None, None, 551, 201, EH, None, None, None, None, 551, 230, EH
557, 552, 92, EH, None, None, None, None, 553, 203, EH, None, None, None, None, 553, 232, EH
558, 554, 94, EH, None, None, None, None, 556, 205, EH, None, None, None, None, 556, 234, RH
559, 557, 96, EH, None, None, None, None, 555, 207, EMPTY, None, None, None, None, 555, 236, EH
560, 556, 98, EH, None, None, None, None, 557, 209, EH, None, None, None, None, 557, 240, EH
561, 558, 100, EH, None, None, None, None, 562, 211, EH, None, None, None, None, 562, 243, EH
562, 567, 102, EH, None, None, None, None, 560, 214, EH, None, None, None, None, 560, 245, EH
563, 563, 104, EH, None, None, None, None, 559, 218, LH, None, None, None, None, 559, 247, EH
564, 561, 106, EH, None, None, None, None, 561, 220, EH, None, None, None, None, 561, 249, EH
565, 560, 108, EH, None, None, None, None, 566, 222, EH, None, None, None, None, 565, 251, EH
566, 562, 110, EH, None, None, None, None, 564, 224, RH, None, None, None, None, 564, 253, EH
567, 565, 112, EH, None, None, None, None, 563, 226, EH, None, None, None, None, 563, 256, EH
568, 564, 114, EH, None, None, None, None, 565, 228, EMPTY, None, None, None, None, 567, 258, LH
569, 566, 116, EH, None, None, None, None, 568, 231, EH, None, None, None, None, 566, 260, EH
570, 571, 118, EH, None, None, None, None, 567, 234, EMPTY, None, None, None, None, 602, 265, EH
571, 569, 120, EH, None, None, None, None, 607, 238, EMPTY, None, None, None, None, 580, 267, EH
572, 568, 122, EH, None, None, None, None, 591, 243, EH, None, None, None, None, 574, 269, EMPTY
573, 570, 124, EH, None, None, None, None, 581, 245, EH, None, None, None, None, 571, 271, EH
574, 573, 126, EH, None, None, None, None, 575, 249, EH, None, None, None, None, 570, 274, EH
575, 572, 128, EH, None, None, None, None, 572, 252, EH, None, None, None, None, 569, 277, EMPTY
576, 574, 130, EH, None, None, None, None, 571, 254, EMPTY, None, None, None, None, 572, 280, EH
577, 607, 132, EH, None, None, None, None, 570, 257, EH, None, None, None, None, 573, 282, EH
578, 591, 134, EH, None, None, None, None, 573, 262, EH, None, None, None, None, 578, 284, EH
579, 583, 136, EH, None, None, None, None, 574, 265, EMPTY, None, None, None, None, 576, 287, EH
580, 579, 138, EH, None, None, None, None, 577, 269, EH, None, None, None, None, 575, 289, EMPTY
581, 577, 140, EH, None, None, None, None, 576, 271, EH, None, None, None, None, 577, 291, LH
582, 576, 142, EH, None, None, None, None, 579, 274, EH, None, None, None, None, 579, 293, EH
583, 578, 144, EH, None, None, None, None, 578, 277, EH, None, None, None, None, 591, 297, LH
584, 581, 146, EH, None, None, None, None, 580, 280, EH, None, None, None, None, 586, 299, LH
585, 580, 148, EH, None, None, None, None, 586, 282, EH, None, None, None, None, 583, 301, EH
586, 582, 150, EH, None, None, None, None, 584, 284, EH, None, None, None, None, 582, 304, RH
587, 587, 152, EH, None, None, None, None, 582, 286, EH, None, None, None, None, 581, 306, LH
588, 585, 154, EH, None, None, None, None, 583, 289, EH, None, None, None, None, 585, 308, EH
589, 584, 156, EH, None, None, None, None, 585, 291, EH, None, None, None, None, 584, 311, EH
590, 586, 158, EH, None, None, None, None, 589, 294, LH, None, None, None, None, 588, 313, EH
591, 589, 160, EH, None, None, None, None, 588, 296, EH, None, None, None, None, 587, 315, RH
592, 588, 162, EH, None, None, None, None, 587, 298, EH, None, None, None, None, 590, 317, EH
593, 590, 164, EH, None, None, None, None, 590, 300, EH, None, None, None, None, 589, 319, EH
594, 599, 166, EH, None, None, None, None, 597, 302, EH, None, None, None, None, 597, 321, EH
595, 595, 168, EH, None, None, None, None, 593, 304, EH, None, None, None, None, 594, 323, EH
596, 593, 170, EH, None, None, None, None, 592, 306, EMPTY, None, None, None, None, 593, 326, EH
597, 592, 172, EH, None, None, None, None, 595, 308, EH, None, None, None, None, 592, 329, EH
598, 594, 174, EH, None, None, None, None, 594, 310, EH, None, None, None, None, 596, 332, EMPTY
599, 597, 176, EH, None, None, None, None, 596, 312, EMPTY, None, None, None, None, 595, 334, EH
600, 596, 178, EH, None, None, None, None, 602, 315, EH, None, None, None, None, 599, 337, EH
601, 598, 180, EH, None, None, None, None, 600, 317, EMPTY, None, None, None, None, 598, 341, EH
602, 603, 182, EH, None, None, None, None, 599, 320, EH, None, None, None, None, 600, 344, EMPTY
603, 601, 184, EH, None, None, None, None, 598, 322, RH, None, None, None, None, 601, 347, EH
604, 600, 186, EH, None, None, None, None, 601, 325, LH, None, None, None, None, 623, 351, EH
605, 602, 188, EH, None, None, None, None, 605, 328, LH, None, None, None, None, 614, 354, EH
606, 605, 190, EH, None, None, None, None, 604, 330, EH, None, None, None, None, 609, 357, EH
607, 604, 192, EH, None, None, None, None, 603, 334, EMPTY, None, None, None, None, 606, 359, EMPTY
608, 606, 194, EH, None, None, None, None, 606, 337, EH, None, None, None, None, 604, 362, EH
609, 623, 196, EH, None, None, None, None, 623, 339, LH, None, None, None, None, 603, 364, EH
610, 615, 198, EH, None, None, None, None, 614, 341, EH, None, None, None, None, 605, 366, EH
611, 611, 200, EH, None, None, None, None, 611, 343, EMPTY, None, None, None, None, 608, 368, EH
612, 609, 202, EH, None, None, None, None, 609, 345, EH, None, None, None, None, 607, 371, RH
613, 608, 204, EH, None, None, None, None, 608, 348, EH, None, None, None, None, 611, 373, EH
614, 610, 206, EH, None, None, None, None, 610, 350, EH, None, None, None, None, 610, 375, EH
615, 613, 208, EH, None, None, None, None, 613, 353, EH, None, None, None, None, 612, 378, EH
616, 612, 210, EH, None, None, None, None, 612, 355, EMPTY, None, None, None, None, 613, 380, EH
617, 614, 212, EH, None, None, None, None, 618, 361, EH, None, None, None, None, 617, 382, EH
618, 619, 214, EH, None, None, None, None, 616, 363, EH, None, None, None, None, 615, 385, EH
619, 617, 216, EH, None, None, None, None, 615, 366, EH, None, None, None, None, 616, 388, RH
620, 616, 218, EH, None, None, None, None, 617, 368, EH, None, None, None, None, 620, 392, EH
621, 618, 220, EH, None, None, None, None, 621, 372, LH, None, None, None, None, 619, 394, EH
622, 621, 222, EH, None, None, None, None, 620, 375, EH, None, None, None, None, 618, 396, RH
623, 620, 224, EH, None, None, None, None, 619, 378, EMPTY, None, None, None, None, 621, 400, EH
624, 622, 226, EH, None, None, None, None, 622, 381, EH, None, None, None, None, 622, 403, EH
625, 631, 228, EH, None, None, None, None, 631, 383, EH, None, None, None, None, 632, 406, EH
626, 627, 230, EH, None, None, None, None, 628, 386, EH, None, None, None, None, 627, 409, EH
627, 625, 232, EH, None, None, None, None, 626, 389, EH, None, None, None, None, 625, 413, EH
628, 624, 234, EH, None, None, None, None, 624, 391, EH, None, None, None, None, 624, 416, EH
629, 626, 236, EH, None, None, None, None, 625, 393, EH, None, None, None, None, 626, 418, EH
630, 629, 238, EH, None, None, None, None, 627, 395, EH, None, None, None, None, 630, 422, EH
631, 628, 240, EH, None, None, None, None, 629, 397, EH, None, None, None, None, 629, 424, EH
632, 630, 242, EH, None, None, None, None, 630, 399, EH, None, None, None, None, 628, 428, EMPTY
633, 635, 244, EH, None, None, None, None, 635, 401, EH, None, None, None, None, 631, 430, EH
634, 633, 246, EH, None, None, None, None, 633, 403, EMPTY, None, None, None, None, 635, 434, EH
635, 632, 248, EH, None, None, None, None, 632, 405, EH, None, None, None, None, 633, 437, EMPTY
636, 634, 250, EH, None, None, None, None, 634, 408, EH, None, None, None, None, 634, 440, EH
637, 637, 252, EH, None, None, None, None, 637, 411, LH, None, None, None, None, 637, 442, EH
638, 636, 254, EH, None, None, None, None, 636, 413, EH, None, None, None, None, 636, 444, EMPTY
639, 638, 256, EH, None, None, None, None, 638, 417, EMPTY, None, None, None, None, 638, 447, EH
640, 703, 258, EH, None, None, None, None, 703, 420, EH, None, None, None, None, 703, 449, EMPTY
641, 671, 260, EH, None, None, None, None, 671, 422, LH, None, None, None, None, 670, 453, EH
642, 655, 262, EH, None, None, None, None, 652, 424, RH, None, None, None, None, 652, 455, EMPTY
643, 647, 264, EH, None, None, None, None, 647, 427, EMPTY, None, None, None, None, 644, 459, LH
644, 643, 266, EH, None, None, None, None, 644, 429, EH, None, None, None, None, 642, 462, EH
645, 641, 268, EH, None, None, None, None, 641, 432, LH, None, None, None, None, 641, 466, EH
646, 640, 270, EH, None, None, None, None, 640, 434, EH, None, None, None, None, 640, 468, EH
647, 642, 272, EH, None, None, None, None, 643, 437, EH, None, None, None, None, 643, 471, EMPTY
648, 645, 274, EH, None, None, None, None, 642, 439, EH, None, None, None, None, 648, 473, EH
649, 644, 276, EH, None, None, None, None, 645, 442, EH, None, None, None, None, 646, 477, EH
650, 646, 278, EH, None, None, None, None, 646, 446, EMPTY, None, None, None, None, 645, 481, EH
651, 651, 280, EH, None, None, None, None, 650, 449, EH, None, None, None, None, 647, 484, EH
652, 649, 282, EH, None, None, None, None, 649, 453, EH, None, None, None, None, 650, 487, LH
653, 648, 284, EH, None, None, None, None, 648, 455, EMPTY, None, None, None, None, 649, 490, EH
654, 650, 286, EH, None, None, None, None, 651, 458, EH, None, None, None, None, 651, 492, EH
655, 653, 288, EH, None, None, None, None, 663, 460, EH, None, None, None, None, 659, 494, EMPTY
656, 652, 290, EH, None, None, None, None, 659, 462, EMPTY, None, None, None, None, 656, 496, EH
657, 654, 292, EH, None, None, None, None, 656, 464, EH, None, None, None, None, 654, 499, EH
658, 663, 294, EH, None, None, None, None, 654, 468, EH, None, None, None, None, 653, 501, EH
659, 659, 296, EH, None, None, None, None, 653, 470, EMPTY, None, None, None, None, 655, 504, EMPTY
660, 657, 298, EH, None, None, None, None, 655, 472, EH, None, None, None, None, 657, 507, EH
661, 656, 300, EH, None, None, None, None, 657, 475, RH, None, None, None, None, 658, 514, EMPTY
662, 658, 302, EH, None, None, None, None, 658, 477, EH, None, None, None, None, 663, 516, EH
663, 661, 304, EH, None, None, None, None, 661, 480, EH, None, None, None, None, 661, 522, EH
664, 660, 306, EH, None, None, None, None, 660, 482, EH, None, None, None, None, 660, 524, EH
665, 662, 308, EH, None, None, None, None, 662, 484, EH, None, None, None, None, 662, 530, RH
666, 667, 310, EH, None, None, None, None, 666, 486, EH, None, None, None, None, 667, 535, EH
667, 665, 312, EH, None, None, None, None, 665, 489, LH, None, None, None, None, 665, 538, EH
668, 664, 314, EH, None, None, None, None, 664, 491, LH, None, None, None, None, 664, 540, EH
669, 666, 316, EH, None, None, None, None, 669, 494, EH, None, None, None, None, 666, 581, RH
670, 669, 318, EH, None, None, None, None, 668, 497, EH, None, None, None, None, 668, 584, EH
671, 668, 320, EH, None, None, None, None, 667, 499, EH, None, None, None, None, 669, 589, EH
672, 670, 322, EH, None, None, None, None, 670, 501, EH, None, None, None, None, 687, 592, EH
673, 687, 324, EH, None, None, None, None, 687, 504, EH, None, None, None, None, 681, 595, EH
674, 679, 326, EH, None, None, None, None, 682, 506, EH, None, None, None, None, 675, 601, EH
675, 675, 328, EH, None, None, None, None, 676, 508, EH, None, None, None, None, 673, 603, EH
676, 673, 330, EH, None, None, None, None, 674, 510, RH, None, None, None, None, 672, 605, EH
677, 672, 332, EH, None, None, None, None, 673, 516, EH, None, None, None, None, 671, 607, EH
678, 674, 334, EH, None, None, None, None, 672, 526, EMPTY, None, None, None, None, 674, 613, EMPTY
679, 677, 336, EH, None, None, None, None, 675, 532, EH, None, None, None, None, 679, 618, RH
680, 676, 338, EH, None, None, None, None, 679, 542, RH, None, None, None, None, 677, 622, EH
681, 678, 340, EH, None, None, None, None, 677, 570, EMPTY, None, None, None, None, 676, 628, EH
682, 683, 342, EH, None, None, None, None, 678, 574, EH, None, None, None, None, 678, 664, EH
683, 681, 344, EH, None, None, None, None, 680, 578, EMPTY, None, None, None, None, 680, 666, LH
684, 680, 346, EH, None, None, None, None, 681, 580, EH, None, None, None, None, 684, 669, EH
685, 682, 348, EH, None, None, None, None, 685, 583, EH, None, None, None, None, 683, 671, EH
686, 685, 350, EH, None, None, None, None, 684, 587, EH, None, None, None, None, 682, 676, EH
687, 684, 352, EH, None, None, None, None, 683, 598, EMPTY, None, None, None, None, 685, 678, EH
688, 686, 354, EH, None, None, None, None, 686, 603, EH, None, None, None, None, 686, 698, EMPTY
689, 695, 356, EH, None, None, None, None, 695, 619, EH, None, None, None, None, 694, 701, EH
690, 691, 358, EH, None, None, None, None, 690, 625, EMPTY, None, None, None, None, 691, 705, EMPTY
691, 689, 360, EH, None, None, None, None, 689, 642, EH, None, None, None, None, 689, 707, LH
692, 688, 362, EH, None, None, None, None, 688, 653, EH, None, None, None, None, 688, 711, EH
693, 690, 364, EH, None, None, None, None, 692, 655, EMPTY, None, None, None, None, 690, 714, LH
694, 693, 366, EH, None, None, None, None, 691, 658, EH, None, None, None, None, 692, 717, RH
695, 692, 368, EH, None, None, None, None, 693, 667, EH, None, None, None, None, 693, 719, EH
696, 694, 370, EH, None, None, None, None, 694, 672, EH, None, None, None, None, 697, 721, EH
697, 699, 372, EH, None, None, None, None, 700, 678, LH, None, None, None, None, 696, 724, EH
698, 697, 374, EH, None, None, None, None, 698, 681, EH, None, None, None, None, 695, 727, EMPTY
699, 696, 376, EH, None, None, None, None, 697, 694, EMPTY, None, None, None, None, 700, 729, EH
700, 698, 378, EH, None, None, None, None, 696, 696, EH, None, None, None, None, 699, 731, LH
701, 701, 380, EH, None, None, None, None, 699, 704, EH, None, None, None, None, 698, 736, EH
702, 700, 382, EH, None, None, None, None, 701, 730, EMPTY, None, None, None, None, 702, 739, EH
703, 702, 384, EH, None, None, None, None, 702, 735, EH, None, None, None, None, 701, 741, EH
704, 767, 386, EH, None, None, None, None, 734, 737, EH, None, None, None, None, 765, 743, EMPTY
705, 735, 388, EH, None, None, None, None, 719, 739, EH, None, None, None, None, 734, 745, EH
706, 719, 390, EH, None, None, None, None, 711, 741, EH, None, None, None, None, 718, 749, EH
707, 711, 392, EH, None, None, None, None, 708, 744, EH, None, None, None, None, 709, 751, EH
708, 707, 394, EH, None, None, None, None, 706, 746, EH, None, None, None, None, 706, 753, RH
709, 705, 396, EH, None, None, None, None, 705, 748, RH, None, None, None, None, 704, 755, EH
710, 704, 398, EH, None, None, None, None, 704, 751, EH, None, None, None, None, 705, 757, EH
711, 706, 400, EH, None, None, None, None, 707, 754, RH, None, None, None, None, 708, 760, EH
712, 709, 402, EH, None, None, None, None, 709, 756, EH, None, None, None, None, 707, 763, EH
713, 708, 404, EH, None, None, None, None, 710, 758, EH, None, None, None, None, 715, 766, EH
714, 710, 406, EH, None, None, None, None, 715, 760, EH, None, None, None, None, 713, 768, EMPTY
715, 715, 408, EH, None, None, None, None, 713, 763, EH, None, None, None, None, 711, 782, EH
716, 713, 410, EH, None, None, None, None, 712, 765, EMPTY, None, None, None, None, 710, 785, EMPTY
717, 712, 412, EH, None, None, None, None, 714, 769, EH, None, None, None, None, 712, 787, EH
718, 714, 414, EH, None, None, None, None, 717, 771, EH, None, None, None, None, 714, 793, EH
719, 717, 416, EH, None, None, None, None, 716, 773, LH, None, None, None, None, 716, 795, EH
720, 716, 418, EH, None, None, None, None, 718, 775, LH, None, None, None, None, 717, 2, EMPTY
721, 718, 420, EH, None, None, None, None, 725, 778, EH, None, None, None, None, 728, 5, EH
722, 727, 422, EH, None, None, None, None, 723, 780, EH, None, None, None, None, 723, 7, EMPTY
723, 723, 424, EH, None, None, None, None, 721, 782, LH, None, None, None, None, 720, 12, EH
724, 721, 426, EH, None, None, None, None, 720, 785, EH, None, None, None, None, 719, 17, EMPTY
725, 720, 428, EH, None, None, None, None, 722, 787, EH, None, None, None, None, 721, 20, EH
726, 722, 430, EH, None, None, None, None, 724, 790, EH, None, None, None, None, 722, 27, EMPTY
727, 725, 432, EH, None, None, None, None, 729, 792, EMPTY, None, None, None, None, 726, 29, EH
728, 724, 434, EH, None, None, None, None, 727, 795, EH, None, None, None, None, 724, 35, EMPTY
729, 726, 436, EH, None, None, None, None, 726, 797, EH, None, None, None, None, 725, 37, EMPTY
730, 731, 438, EH, None, None, None, None, 728, 799, EMPTY, None, None, None, None, 727, 39, EH
731, 729, 440, EH, None, None, None, None, 732, 0, EMPTY, None, None, None, None, 732, 63, EH
732, 728, 442, EH, None, None, None, None, 731, 2, EH, None, None, None, None, 730, 67, EH
733, 730, 444, EH, None, None, None, None, 730, 5, EMPTY, None, None, None, None, 729, 74, EH
734, 733, 446, EH, None, None, None, None, 733, 23, EH, None, None, None, None, 731, 90, EMPTY
735, 732, 448, EH, None, None, None, None, 767, 28, EH, None, None, None, None, 733, 98, EMPTY
736, 734, 450, EH, None, None, None, None, 749, 43, EMPTY, None, None, None, None, 747, 100, EH
737, 751, 452, EH, None, None, None, None, 742, 61, EMPTY, None, None, None, None, 740, 102, EH
738, 743, 454, EH, None, None, None, None, 738, 63, EH, None, None, None, None, 737, 105, EMPTY
739, 739, 456, EH, None, None, None, None, 736, 70, EH, None, None, None, None, 735, 107, EMPTY
740, 737, 458, EH, None, None, None, None, 735, 80, EH, None, None, None, None, 736, 109, EH
741, 736, 460, EH, None, None, None, None, 737, 84, EMPTY, None, None, None, None, 738, 125, EH
742, 738, 462, EH, None, None, None, None, 740, 89, EH, None, None, None, None, 739, 143, EMPTY
743, 741, 464, EH, None, None, None, None, 739, 91, EH, None, None, None, None, 744, 148, EH
744, 740, 466, EH, None, None, None, None, 741, 93, EMPTY, None, None, None, None, 742, 150, EH
745, 742, 468, EH, None, None, None, None, 745, 95, EH, None, None, None, None, 741, 154, EMPTY
746, 747, 470, EH, None, None, None, None, 743, 97, EMPTY, None, None, None, None, 743, 156, EH
747, 745, 472, EH, None, None, None, None, 744, 99, EH, None, None, None, None, 746, 159, EH
748, 744, 474, EH, None, None, None, None, 747, 101, EMPTY, None, None, None, None, 745, 171, EMPTY
749, 746, 476, EH, None, None, None, None, 746, 152, EH, None, None, None, None, 754, 173, EH
750, 749, 478, EH, None, None, None, None, 748, 154, EMPTY, None, None, None, None, 750, 181, EH
751, 748, 480, EH, None, None, None, None, 759, 158, EMPTY, None, None, None, None, 748, 183, EH
752, 750, 482, EH, None, None, None, None, 755, 166, EH, None, None, None, None, 749, 185, EMPTY
753, 759, 484, EH, None, None, None, None, 752, 184, EH, None, None, None, None, 752, 204, EH
754, 755, 486, EH, None, None, None, None, 751, 186, EMPTY, None, None, None, None, 751, 206, EMPTY
755, 753, 488, EH, None, None, None, None, 750, 188, EH, None, None, None, None, 753, 213, EMPTY
756, 752, 490, EH, None, None, None, None, 754, 190, EH, None, None, None, None, 758, 218, EH
757, 754, 492, EH, None, None, None, None, 753, 213, EMPTY, None, None, None, None, 756, 221, EH
758, 757, 494, EH, None, None, None, None, 757, 215, EH, None, None, None, None, 755, 227, EMPTY
759, 756, 496, EH, None, None, None, None, 756, 217, EH, None, None, None, None, 757, 229, EH
760, 758, 498, EH, None, None, None, None, 758, 233, EMPTY, None, None, None, None, 762, 241, EH
761, 763, 500, EH, None, None, None, None, 762, 235, EH, None, None, None, None, 760, 276, EMPTY
762, 761, 502, EH, None, None, None, None, 761, 246, EMPTY, None, None, None, None, 759, 278, EH
763, 760, 504, EH, None, None, None, None, 760, 248, EMPTY, None, None, None, None, 761, 285, EH
764, 762, 506, EH, None, None, None, None, 764, 251, EH, None, None, None, None, 763, 302, RH
765, 765, 508, EH, None, None, None, None, 763, 261, EMPTY, None, None, None, None, 764, 309, RH
766, 764, 510, EH, None, None, None, None, 765, 264, EH, None, None, None, None, 781, 325, EH
767, 766, 704, EH, None, None, None, None, 766, 266, EMPTY, None, None, None, None, 774, 327, EH
768, 783, 706, EH, None, None, None, None, 781, 273, EH, None, None, None, None, 771, 350, EH
769, 775, 708, EH, None, None, None, None, 774, 275, EH, None, None, None, None, 769, 353, EMPTY
770, 771, 710, EH, None, None, None, None, 770, 288, EMPTY, None, None, None, None, 767, 355, EH
771, 769, 712, EH, None, None, None, None, 768, 319, EH, None, None, None, None, 766, 370, EMPTY
772, 768, 714, EH, None, None, None, None, 769, 327, EMPTY, None, None, None, None, 768, 397, EH
773, 770, 716, EH, None, None, None, None, 772, 331, EH, None, None, None, None, 770, 399, EH
774, 773, 718, EH, None, None, None, None, 771, 336, EMPTY, None, None, None, None, 772, 401, EH
775, 772, 720, EH, None, None, None, None, 773, 369, EH, None, None, None, None, 773, 405, EH
776, 774, 722, EH, None, None, None, None, 777, 371, EH, None, None, None, None, 778, 407, EMPTY
777, 779, 724, EH, None, None, None, None, 776, 373, EH, None, None, None, None, 776, 410, EMPTY
778, 777, 726, EH, None, None, None, None, 775, 377, EH, None, None, None, None, 775, 412, EH
779, 776, 728, EH, None, None, None, None, 779, 379, EMPTY, None, None, None, None, 777, 414, EH
780, 778, 730, EH, None, None, None, None, 778, 385, EH, None, None, None, None, 779, 438, EH
781, 781, 732, EH, None, None, None, None, 780, 388, EH, None, None, None, None, 780, 446, EH
782, 780, 734, EH, None, None, None, None, 791, 406, EH, None, None, None, None, 791, 465, EH
783, 782, 736, EH, None, None, None, None, 786, 414, LH, None, None, None, None, 788, 470, EH
784, 791, 738, EH, None, None, None, None, 784, 441, LH, None, None, None, None, 784, 474, RH
785, 787, 740, EH, None, None, None, None, 782, 443, EH, None, None, None, None, 783, 476, EH
786, 785, 742, EH, None, None, None, None, 783, 445, EH, None, None, None, None, 782, 478, EH
787, 784, 744, EH, None, None, None, None, 785, 448, EH, None, None, None, None, 786, 480, EH
788, 786, 746, EH, None, None, None, None, 789, 450, EMPTY, None, None, None, None, 785, 482, EMPTY
789, 789, 748, EH, None, None, None, None, 787, 473, EH, None, None, None, None, 787, 489, EH
790, 788, 750, EH, None, None, None, None, 788, 478, RH, None, None, None, None, 789, 503, EH
791, 790, 752, EH, None, None, None, None, 790, 493, EMPTY, None, None, None, None, 790, 505, EMPTY
792, 795, 754, EH, None, None, None, None, 796, 496, EH, None, None, None, None, 797, 508, EH
793, 793, 756, EH, None, None, None, None, 793, 503, EH, None, None, None, None, 794, 710, EH
794, 792, 758, EH, None, None, None, None, 792, 750, EH, None, None, None, None, 792, 712, EMPTY
795, 794, 760, EH, None, None, None, None, 795, 753, EH, None, None, None, None, 793, 722, EH
796, 797, 762, EH, None, None, None, None, 794, 766, EMPTY, None, None, None, None, 796, 725, EMPTY
797, 796, 764, EH, None, None, None, None, 798, 783, EH, None, None, None, None, 795, 759, EH
798, 798, 766, EH, None, None, None, None, 797, 788, EH, None, None, None, None, 799, 761, EH
799, 799, 799, EMPTY, None, None, None, None, 799, 794, RH, None, None, None, None, 798, 764, EMPTY
None, None, None, EH, None, None, None, None, None, None, EH, None, None, None, None, None, None, EH
None, None, None, None, None, None, None, None, None, None, RH, None, None, None, None, None, None, EMPTY
None, None, None, None, None, None, None, None, None, None, EH, None, None, None, None, None, None, EH
None, None, None, None, None, None, None, None, None, None, EH, None, None, None, None, None, None, EMPTY
None, None, None, None, None, None, None, None, None, None, LH, None, None, None, None, None, None, EH
None, None, None, None, None, None, None, None, None, None, EH, None, None, None, None, None, None, EMPTY
None, None, None, None, None, None, None, None, None, None, EH, None, None, None, None, None, None, EH
None, None, None, None, None, None, None, None, None, None, EH, None, None, None, None, None, None, EH
None, None, None, None, None, None, None, None, None, None, EH, None, None, None, None, None, None, EMPTY
None, None, None, None, None, None, None, None, None, None, EMPTY, None, None, None, None, None, None, EH
None, None, None, None, None, None, None, None, None, None, EH, None, None, None, None, None, None, EH
None, None, None, None, None, None, None, None, None, None, EMPTY, None, None, None, None, None, None, EH
None, None, None, None, None, None, None, None, None, None, EH, None, None, None, None, None, None, EMPTY
None, None, None, None, None, None, None, None, None, None, EMPTY, None, None, None, None, None, None, EMPTY
None, None, None, None, None, None, None, None, None, None, EH, None, None, None, None, None, None, EH
None, None, None, None, None, None, None, None, None, None, EH, None, None, None, None, None, None, EH
None, None, None, None, None, None, None, None, None, None, EMPTY, None, None, None, None, None, None, EMPTY
None, None, None, None, None, None, None, None, None, None, EH, None, None, None, None, None, None, EMPTY
None, None, None, None, None, None, None, None, None, None, EH, None, None, None, None, None, None, EH
None, None, None, None, None, None, None, None, None, None, EMPTY, None, None, None, None, None, None, EMPTY
None, None, None, None, None, None, None, None, None, None, EH, None, None, None, None, None, None, EH
None, None, None, None, None, None, None, None, None, None, EH, None, None, None, None, None, None, EMPTY
None, None, None, None, None, None, None, None, None, None, EMPTY, None, None, None, None, None, None, EH
None, None, None, None, None, None, None, None, None, None, EMPTY, None, None, None, None, None, None, EH
None, None, None, None, None, None, None, None, None, None, EH, None, None, None, None, None, None, EH
None, None, None, None, None, None, None, None, None, None, EH, None, None, None, None, None, None, EMPTY
None, None, None, None, None, None, None, None, None, None, EH, None, None, None, None, None, None, EH
None, None, None, None, None, None, None, None, None, None, EH, None, None, None, None, None, None, EH
None, None, None, None, None, None, None, None, None, None, EH, None, None, None, None, None, None, EH
None, None, None, None, None, None, None, None, None, None, EH, None, None, None, None, None, None, EMPTY
None, None, None, None, None, None, None, None, None, None, EH, None, None, None, None, None, None, EH
None, None, None, None, None, None, None, None, None, None, EH, None, None, None, None, None, None, EH
None, None, None, None, None, None, None, None, None, None, EMPTY, None, None, None, None, None, None, EMPTY
None, None, None, None, None, None, None, None, None, None, EH, None, None, None, None, None, None, EH
None, None, None, None, None, None, None, None, None, None, EH, None, None, None, None, None, None, EH
None, None, None, None, None, None, None, None, None, None, EH, None, None, None, None, None, None, EH
None, None, None, None, None, None, None, None, None, None, EMPTY, None, None, None, None, None, None, EH
None, None, None, None, None, None, None, None, None, None, EMPTY, None, None, None, None, None, None, EMPTY
None, None, None, None, None, None, None, None, None, None, EH, None, None, None, None, None, None, EH
None, None, None, None, None, None, None, None, None, None, EH, None, None, None, None, None, None, EH
None, None, None, None, None, None, None, None, None, None, EH, None, None, None, None, None, None, EH
None, None, None, None, None, None, None, None, None, None, EH, None, None, None, None, None, None, EH
None, None, None, None, None, None, None, None, None, None, EH, None, None, None, None, None, None, EH
None, None, None, None, None, None, None, None, None, None, EH, None, None, None, None, None, None, EH
None, None, None, None, None, None, None, None, None, None, EH, None, None, None, None, None, None, EMPTY
None, None, None, None, None, None, None, None, None, None, EH, None, None, None, None, None, None, EH
None, None, None, None, None, None, None, None, None, None, EMPTY, None, None, None, None, None, None, EH
None, None, None, None, None, None, None, None, None, None, EH, None, None, None, None, None, None, EH
None, None, None, None, None, None, None, None, None, None, EH, None, None, None, None, None, None, EMPTY
None, None, None, None, None, None, None, None, None, None, EMPTY, None, None, None, None, None, None, EH
None, None, None, None, None, None, None, None, None, None, EH, None, None, None, None, None, None, EMPTY
None, None, None, None, None, None, None, None, None, None, EH, None, None, None, None, None, None, EH
None, None, None, None, None, None, None, None, None, None, EMPTY, None, None, None, None, None, None, EMPTY
None, None, None, None, None, None, None, None, None, None, EH, None, None, None, None, None, None, EMPTY
None, None, None, None, None, None, None, None, None, None, EMPTY, None, None, None, None, None, None, EH
None, None, None, None, None, None, None, None, None, None, EH, None, None, None, None, None, None, EH
None, None, None, None, None, None, None, None, None, None, EMPTY, None, None, None, None, None, None, EMPTY
None, None, None, None, None, None, None, None, None, None, EH, None, None, None, None, None, None, EMPTY
None, None, None, None, None, None, None, None, None, None, EH, None, None, None, None, None, None, EH
None, None, None, None, None, None, None, None, None, None, EH, None, None, None, None, None, None, EH
None, None, None, None, None, None, None, None, None, None, EH, None, None, None, None, None, None, EH
None, None, None, None, None, None, None, None, None, None, EH, None, None, None, None, None, None, EMPTY
None, None, None, None, None, None, None, None, None, None, EMPTY, None, None, None, None, None, None, EH
None, None, None, None, None, None, None, None, None, None, EH, None, None, None, None, None, None, EMPTY
None, None, None, None, None, None, None, None, None, None, EMPTY, None, None, None, None, None, None, EH
None, None, None, None, None, None, None, None, None, None, EH, None, None, None, None, None, None, EMPTY
None, None, None, None, None, None, None, None, None, None, EMPTY, None, None, None, None, None, None, EH
None, None, None, None, None, None, None, None, None, None, EMPTY, None, None, None, None, None, None, EH
None, None, None, None, None, None, None, None, None, None, EH, None, None, None, None, None, None, EH
None, None, None, None, None, None, None, None, None, None, EH, None, None, None, None, None, None, EH
None, None, None, None, None, None, None, None, None, None, EMPTY, None, None, None, None, None, None, EMPTY
None, None, None, None, None, None, None, None, None, None, EMPTY, None, None, None, None, None, None, EH
None, None, None, None, None, None, None, None, None, None, EH, None, None, None, None, None, None, EH
None, None, None, None, None, None, None, None, None, None, EH, None, None, None, None, None, None, EH
None, None, None, None, None, None, None, None, None, None, EH, None, None, None, None, None, None, EMPTY
None, None, None, None, None, None, None, None, None, None, EH, None, None, None, None, None, None, EMPTY
None, None, None, None, None, None, None, None, None, None, EH, None, None, None, None, None, None, EH
None, None, None, None, None, None, None, None, None, None, EH, None, None, None, None, None, None, EH
None, None, None, None, None, None, None, None, None, None, EMPTY, None, None, None, None, None, None, EH
None, None, None, None, None, None, None, None, None, None, EH, None, None, None, None, None, None, EH
None, None, None, None, None, None, None, None, None, None, EMPTY, None, None, None, None, None, None, EH
None, None, None, None, None, None, None, None, None, None, EMPTY, None, None, None, None, None, None, EMPTY
None, None, None, None, None, None, None, None, None, None, EH, None, None, None, None, None, None, EH
None, None, None, None, None, None, None, None, None, None, EMPTY, None, None, None, None, None, None, EH
None, None, None, None, None, None, None, None, None, None, EH, None, None, None, None, None, None, EH
None, None, None, None, None, None, None, None, None, None, EH, None, None, None, None, None, None, EMPTY
None, None, None, None, None, None, None, None, None, None, EH, None, None, None, None, None, None, EH
None, None, None, None, None, None, None, None, None, None, EH, None, None, None, None, None, None, EH
None, None, None, None, None, None, None, None, None, None, EMPTY, None, None, None, None, None, None, EMPTY
None, None, None, None, None, None, None, None, None, None, EH, None, None, None, None, None, None, EH
None, None, None, None, None, None, None, None, None, None, EH, None, None, None, None, None, None, EMPTY
None, None, None, None, None, None, None, None, None, None, EMPTY, None, None, None, None, None, None, EH
None, None, None, None, None, None, None, None, None, None, EH, None, None, None, None, None, None, EMPTY
None, None, None, None, None, None, None, None, None, None, EMPTY, None, None, None, None, None, None, EMPTY
None, None, None, None, None, None, None, None, None, None, EH, None, None, None, None, None, None, EH
None, None, None, None, None, None, None, None, None, None, EH, None, None, None, None, None, None, EH
None, None, None, None, None, None, None, None, None, None, EMPTY, None, None, None, None, None, None, EH
None, None, None, None, None, None, None, None, None, None, EH, None, None, None, None, None, None, EH
None, None, None, None, None, None, None, None, None, None, EMPTY, None, None, None, None, None, None, EH
None, None, None, None, None, None, None, None, None, None, EH, None, None, None, None, None, None, EH
None, None, None, None, None, None, None, None, None, None, EMPTY, None, None, None, None, None, None, EMPTY
None, None, None, None, None, None, None, None, None, None, EH, None, None, None, None, None, None, EH
None, None, None, None, None, None, None, None, None, None, EMPTY, None, None, None, None, None, None, EH
None, None, None, None, None, None, None, None, None, None, EH, None, None, None, None, None, None, EMPTY
None, None, None, None, None, None, None, None, None, None, EMPTY, None, None, None, None, None, None, EH
None, None, None, None, None, None, None, None, None, None, EMPTY, None, None, None, None, None, None, EH
None, None, None, None, None, None, None, None, None, None, EH, None, None, None, None, None, None, EH
None, None, None, None, None, None, None, None, None, None, EMPTY, None, None, None, None, None, None, EMPTY
None, None, None, None, None, None, None, None, None, None, EH, None, None, None, None, None, None, EH
None, None, None, None, None, None, None, None, None, None, EMPTY, None, None, None, None, None, None, EMPTY
None, None, None, None, None, None, None, None, None, None, EH, None, None, None, None, None, None, EH
None, None, None, None, None, None, None, None, None, None, EH, None, None, None, None, None, None, EH
None, None, None, None, None, None, None, None, None, None, EMPTY, None, None, None, None, None, None, EH
None, None, None, None, None, None, None, None, None, None, None, None, None, None, None, None, None, EMPTY
None, None, None, None, None, None, None, None, None, None, None, None, None, None, None, None, None, EH
